message,label,has_url
Your UPI payment of Rs 77 to Amit is successful. Ref 840619234,ham,0
You have won a lucky draw of Rs 50000! Pay Rs 99 fee at tinyurl.com/claim-cash,spam,1
"Hey Priya, sent you Rs 2952 for dinner.",ham,0
"Hey Ravi, sent you Rs 3912 for dinner.",ham,0
"Dear customer your UPI is blocked, click cutt.ly/upiBlock to reactivate",spam,1
Your order has been shipped. Delivery by 20 Sep.,ham,0
Get instant loan Rs 10000 without documents. Apply tinyurl.com/claim-cash,spam,1
Class rescheduled to 6:30 PM tomorrow.,ham,0
"Dear customer your UPI is blocked, click cutt.ly/upiBlock to reactivate",spam,1
Your UPI payment of Rs 4054 to Priya is successful. Ref 420381791,ham,0
"Hey Priya, sent you Rs 1022 for dinner.",ham,0
879935 is your OTP. Do not share it with anyone.,ham,0
"Dear customer your UPI is blocked, click cutt.ly/upiBlock to reactivate",spam,1
Reminder: your mobile recharge expires on 20 Sep.,ham,0
URGENT: Your bank account will be suspended. Verify at tinyurl.com/claim-cash,spam,1
Class rescheduled to noon tomorrow.,ham,0
Your UPI payment of Rs 1825 to Rahul is successful. Ref 325695016,ham,0
Refund of Rs 10000 pending. Approve the collect request to receive it,spam,0
434121 is your OTP. Do not share it with anyone.,ham,0
Scan this QR to receive your Rs 5000 reward,spam,0
379808 is your OTP. Do not share it with anyone.,ham,0
Thanks for the payment of Rs 2382. See you tomorrow!,ham,0
"Hi Karan, are we meeting at 6:30 PM?",ham,0
Reminder: your mobile recharge expires on 15 Sep.,ham,0
Congrats! You won cashback Rs 1000. Claim now sbi-secure@verify.info/kyc,spam,1
212129 is your OTP. Do not share it with anyone.,ham,0
Your UPI payment of Rs 2181 to Neha is successful. Ref 446129928,ham,0
Your order has been shipped. Delivery by 15 Sep.,ham,0
Get instant loan Rs 5000 without documents. Apply paytm-reward.top/win,spam,1
Your UPI payment of Rs 2769 to Anjali is successful. Ref 755898527,ham,0
"Hey Sneha, sent you Rs 4695 for dinner.",ham,0
919415 is your OTP. Do not share it with anyone.,ham,0
Thanks for the payment of Rs 4542. See you tomorrow!,ham,0
Scan this QR to receive your Rs 1000 reward,spam,0
"Electricity bill unpaid, power cut tonight. Call or pay at tinyurl.com/claim-cash",spam,1
Your UPI payment of Rs 2326 to Anjali is successful. Ref 844215907,ham,0
"Dear customer your UPI is blocked, click upi-kyc-update.xyz/login to reactivate",spam,1
Scan this QR to receive your Rs 50000 reward,spam,0
"Dear customer your UPI is blocked, click bit.ly/3xKyc9 to reactivate",spam,1
Scan this QR to receive your Rs 50000 reward,spam,0
Rs 2413 credited to your account from Sneha. UPI Ref 944509191,ham,0
Class rescheduled to 10 AM tomorrow.,ham,0
URGENT: Your bank account will be suspended. Verify at bit.ly/3xKyc9,spam,1
Thanks for the payment of Rs 257. See you tomorrow!,ham,0
"Electricity bill unpaid, power cut tonight. Call or pay at cutt.ly/upiBlock",spam,1
"Electricity bill unpaid, power cut tonight. Call or pay at upi-kyc-update.xyz/login",spam,1
Reminder: your mobile recharge expires on 25 Sep.,ham,0
Thanks for the payment of Rs 782. See you tomorrow!,ham,0
Thanks for the payment of Rs 1401. See you tomorrow!,ham,0
Your KYC is expired. Update at bit.ly/3xKyc9 or account will be blocked today,spam,1
Scan this QR to receive your Rs 50000 reward,spam,0
Thanks for the payment of Rs 3616. See you tomorrow!,ham,0
URGENT: Your bank account will be suspended. Verify at cutt.ly/upiBlock,spam,1
Get instant loan Rs 500 without documents. Apply upi-kyc-update.xyz/login,spam,1
Your order has been shipped. Delivery by 25 Sep.,ham,0
Your order has been shipped. Delivery by 20 Sep.,ham,0
You have won a lucky draw of Rs 500! Pay Rs 99 fee at sbi-secure@verify.info/kyc,spam,1
Scan this QR to receive your Rs 10000 reward,spam,0
749615 is your OTP. Do not share it with anyone.,ham,0
Reminder: your mobile recharge expires on 12 Sep.,ham,0
523188 is your OTP. Do not share it with anyone.,ham,0
"Hi Amit, are we meeting at 6:30 PM?",ham,0
"Electricity bill unpaid, power cut tonight. Call or pay at bit.ly/3xKyc9",spam,1
Scan this QR to receive your Rs 50000 reward,spam,0
Your UPI payment of Rs 286 to Amit is successful. Ref 251506230,ham,0
"Hey Karan, sent you Rs 3835 for dinner.",ham,0
"Hey Rahul, sent you Rs 4803 for dinner.",ham,0
"Hi Sneha, are we meeting at 5 PM?",ham,0
694631 is your OTP. Do not share it with anyone.,ham,0
"Hi Rahul, are we meeting at 10 AM?",ham,0
Congrats! You won cashback Rs 5000. Claim now paytm-reward.top/win,spam,1
Thanks for the payment of Rs 2084. See you tomorrow!,ham,0
Your order has been shipped. Delivery by 12 Sep.,ham,0
URGENT: Your bank account will be suspended. Verify at upi-kyc-update.xyz/login,spam,1
Rs 4174 credited to your account from Amit. UPI Ref 685165605,ham,0
495173 is your OTP. Do not share it with anyone.,ham,0
401793 is your OTP. Do not share it with anyone.,ham,0
Thanks for the payment of Rs 1633. See you tomorrow!,ham,0
Rs 2917 credited to your account from Karan. UPI Ref 787470953,ham,0
Earn Rs 500 per day working from home. Join now upi-kyc-update.xyz/login,spam,1
Your KYC is expired. Update at sbi-secure@verify.info/kyc or account will be blocked today,spam,1
Thanks for the payment of Rs 294. See you tomorrow!,ham,0
Your order has been shipped. Delivery by 12 Sep.,ham,0
Your order has been shipped. Delivery by 25 Sep.,ham,0
Your UPI payment of Rs 1756 to Sneha is successful. Ref 893693106,ham,0
Reminder: your mobile recharge expires on 25 Sep.,ham,0
Earn Rs 1000 per day working from home. Join now cutt.ly/upiBlock,spam,1
675445 is your OTP. Do not share it with anyone.,ham,0
Thanks for the payment of Rs 3420. See you tomorrow!,ham,0
Your order has been shipped. Delivery by 15 Sep.,ham,0
880930 is your OTP. Do not share it with anyone.,ham,0
923892 is your OTP. Do not share it with anyone.,ham,0
Your KYC is expired. Update at sbi-secure@verify.info/kyc or account will be blocked today,spam,1
Your KYC is expired. Update at paytm-reward.top/win or account will be blocked today,spam,1
"Hey Amit, sent you Rs 1438 for dinner.",ham,0
Refund of Rs 10000 pending. Approve the collect request to receive it,spam,0
Congrats! You won cashback Rs 1000. Claim now bit.ly/3xKyc9,spam,1
Reminder: your mobile recharge expires on 25 Sep.,ham,0
Your UPI payment of Rs 2619 to Rahul is successful. Ref 139363405,ham,0
"Hi Sneha, are we meeting at 5 PM?",ham,0
Rs 4153 credited to your account from Priya. UPI Ref 369338737,ham,0
977658 is your OTP. Do not share it with anyone.,ham,0
214726 is your OTP. Do not share it with anyone.,ham,0
371457 is your OTP. Do not share it with anyone.,ham,0
"Hey Amit, sent you Rs 3824 for dinner.",ham,0
Refund of Rs 5000 pending. Approve the collect request to receive it,spam,0
Your UPI payment of Rs 4781 to Priya is successful. Ref 534629193,ham,0
"Electricity bill unpaid, power cut tonight. Call or pay at paytm-reward.top/win",spam,1
"Electricity bill unpaid, power cut tonight. Call or pay at upi-kyc-update.xyz/login",spam,1
"Hi Rahul, are we meeting at 5 PM?",ham,0
"Hey Neha, sent you Rs 2021 for dinner.",ham,0
Your UPI payment of Rs 191 to Neha is successful. Ref 613758796,ham,0
Rs 98 credited to your account from Anjali. UPI Ref 972162581,ham,0
Your UPI payment of Rs 2053 to Anjali is successful. Ref 211611292,ham,0
Thanks for the payment of Rs 3112. See you tomorrow!,ham,0
Congrats! You won cashback Rs 500. Claim now tinyurl.com/claim-cash,spam,1
Your KYC is expired. Update at cutt.ly/upiBlock or account will be blocked today,spam,1
Your electricity bill of Rs 3141 is due on 15 Sep. Pay via official app.,ham,0
Thanks for the payment of Rs 1964. See you tomorrow!,ham,0
567504 is your OTP. Do not share it with anyone.,ham,0
"Dear customer your UPI is blocked, click upi-kyc-update.xyz/login to reactivate",spam,1
"Electricity bill unpaid, power cut tonight. Call or pay at paytm-reward.top/win",spam,1
Congrats! You won cashback Rs 500. Claim now tinyurl.com/claim-cash,spam,1
Your electricity bill of Rs 1563 is due on 15 Sep. Pay via official app.,ham,0
Congrats! You won cashback Rs 1000. Claim now paytm-reward.top/win,spam,1
172762 is your OTP. Do not share it with anyone.,ham,0
Get instant loan Rs 500 without documents. Apply upi-kyc-update.xyz/login,spam,1
"Hey Karan, sent you Rs 2470 for dinner.",ham,0
101768 is your OTP. Do not share it with anyone.,ham,0
Thanks for the payment of Rs 3157. See you tomorrow!,ham,0
Your KYC is expired. Update at bit.ly/3xKyc9 or account will be blocked today,spam,1
Your electricity bill of Rs 3908 is due on 12 Sep. Pay via official app.,ham,0
You have won a lucky draw of Rs 10000! Pay Rs 99 fee at tinyurl.com/claim-cash,spam,1
Earn Rs 10000 per day working from home. Join now paytm-reward.top/win,spam,1
"Dear customer your UPI is blocked, click upi-kyc-update.xyz/login to reactivate",spam,1
Your electricity bill of Rs 149 is due on 20 Sep. Pay via official app.,ham,0
223874 is your OTP. Do not share it with anyone.,ham,0
Thanks for the payment of Rs 4237. See you tomorrow!,ham,0
Reminder: your mobile recharge expires on 25 Sep.,ham,0
Your UPI payment of Rs 2921 to Sneha is successful. Ref 675784977,ham,0
Scan this QR to receive your Rs 1000 reward,spam,0
You have won a lucky draw of Rs 50000! Pay Rs 99 fee at tinyurl.com/claim-cash,spam,1
Thanks for the payment of Rs 3775. See you tomorrow!,ham,0
Get instant loan Rs 500 without documents. Apply bit.ly/3xKyc9,spam,1
Refund of Rs 500 pending. Approve the collect request to receive it,spam,0
Class rescheduled to 10 AM tomorrow.,ham,0
Your electricity bill of Rs 4252 is due on 25 Sep. Pay via official app.,ham,0
Rs 589 credited to your account from Rahul. UPI Ref 666938298,ham,0
"Hi Sneha, are we meeting at noon?",ham,0
Rs 206 credited to your account from Amit. UPI Ref 121811729,ham,0
Class rescheduled to 6:30 PM tomorrow.,ham,0
Your KYC is expired. Update at upi-kyc-update.xyz/login or account will be blocked today,spam,1
Reminder: your mobile recharge expires on 20 Sep.,ham,0
Rs 2394 credited to your account from Amit. UPI Ref 846337711,ham,0
Refund of Rs 5000 pending. Approve the collect request to receive it,spam,0
"Electricity bill unpaid, power cut tonight. Call or pay at cutt.ly/upiBlock",spam,1
Scan this QR to receive your Rs 500 reward,spam,0
Rs 1209 credited to your account from Anjali. UPI Ref 217277943,ham,0
Rs 4884 credited to your account from Karan. UPI Ref 495673170,ham,0
Your KYC is expired. Update at paytm-reward.top/win or account will be blocked today,spam,1
"Hi Rahul, are we meeting at 10 AM?",ham,0
Your KYC is expired. Update at cutt.ly/upiBlock or account will be blocked today,spam,1
Your UPI payment of Rs 4560 to Karan is successful. Ref 835458297,ham,0
"Dear customer your UPI is blocked, click cutt.ly/upiBlock to reactivate",spam,1
"Hi Ravi, are we meeting at 5 PM?",ham,0
You have won a lucky draw of Rs 500! Pay Rs 99 fee at sbi-secure@verify.info/kyc,spam,1
Your UPI payment of Rs 1791 to Rahul is successful. Ref 911936224,ham,0
Reminder: your mobile recharge expires on 12 Sep.,ham,0
Your UPI payment of Rs 1822 to Priya is successful. Ref 921520255,ham,0
URGENT: Your bank account will be suspended. Verify at sbi-secure@verify.info/kyc,spam,1
Class rescheduled to 10 AM tomorrow.,ham,0
Earn Rs 5000 per day working from home. Join now cutt.ly/upiBlock,spam,1
Reminder: your mobile recharge expires on 20 Sep.,ham,0
URGENT: Your bank account will be suspended. Verify at upi-kyc-update.xyz/login,spam,1
Class rescheduled to 5 PM tomorrow.,ham,0
Class rescheduled to 10 AM tomorrow.,ham,0
"Hey Priya, sent you Rs 1064 for dinner.",ham,0
Your electricity bill of Rs 580 is due on 12 Sep. Pay via official app.,ham,0
Your electricity bill of Rs 126 is due on 12 Sep. Pay via official app.,ham,0
Your UPI payment of Rs 4065 to Karan is successful. Ref 805834056,ham,0
"Hi Amit, are we meeting at 5 PM?",ham,0
Refund of Rs 10000 pending. Approve the collect request to receive it,spam,0
Reminder: your mobile recharge expires on 20 Sep.,ham,0
You have won a lucky draw of Rs 50000! Pay Rs 99 fee at upi-kyc-update.xyz/login,spam,1
Your order has been shipped. Delivery by 15 Sep.,ham,0
"Hi Karan, are we meeting at 5 PM?",ham,0
Class rescheduled to 6:30 PM tomorrow.,ham,0
Your order has been shipped. Delivery by 20 Sep.,ham,0
Class rescheduled to noon tomorrow.,ham,0
"Electricity bill unpaid, power cut tonight. Call or pay at cutt.ly/upiBlock",spam,1
Class rescheduled to 10 AM tomorrow.,ham,0
"Hey Amit, sent you Rs 4234 for dinner.",ham,0
Refund of Rs 1000 pending. Approve the collect request to receive it,spam,0
Refund of Rs 50000 pending. Approve the collect request to receive it,spam,0
You have won a lucky draw of Rs 5000! Pay Rs 99 fee at tinyurl.com/claim-cash,spam,1
Your UPI payment of Rs 1771 to Amit is successful. Ref 231363272,ham,0
Your order has been shipped. Delivery by 25 Sep.,ham,0
"Hi Rahul, are we meeting at 10 AM?",ham,0
Rs 3876 credited to your account from Neha. UPI Ref 598929197,ham,0
Your UPI payment of Rs 809 to Anjali is successful. Ref 786728890,ham,0
"Hi Anjali, are we meeting at noon?",ham,0
Thanks for the payment of Rs 3441. See you tomorrow!,ham,0
Thanks for the payment of Rs 1524. See you tomorrow!,ham,0
Your electricity bill of Rs 2130 is due on 12 Sep. Pay via official app.,ham,0
URGENT: Your bank account will be suspended. Verify at bit.ly/3xKyc9,spam,1
"Hey Priya, sent you Rs 2303 for dinner.",ham,0
"Hey Neha, sent you Rs 3987 for dinner.",ham,0
Your UPI payment of Rs 1988 to Priya is successful. Ref 807553699,ham,0
956049 is your OTP. Do not share it with anyone.,ham,0
Rs 1825 credited to your account from Sneha. UPI Ref 715248224,ham,0
Your KYC is expired. Update at bit.ly/3xKyc9 or account will be blocked today,spam,1
You have won a lucky draw of Rs 5000! Pay Rs 99 fee at upi-kyc-update.xyz/login,spam,1
"Dear customer your UPI is blocked, click tinyurl.com/claim-cash to reactivate",spam,1
Thanks for the payment of Rs 2522. See you tomorrow!,ham,0
Rs 4911 credited to your account from Ravi. UPI Ref 350672205,ham,0
"Hi Neha, are we meeting at 6:30 PM?",ham,0
"Hi Priya, are we meeting at noon?",ham,0
Rs 2611 credited to your account from Priya. UPI Ref 891889836,ham,0
"Hi Anjali, are we meeting at 10 AM?",ham,0
Class rescheduled to noon tomorrow.,ham,0
Your UPI payment of Rs 24 to Priya is successful. Ref 260860024,ham,0
Reminder: your mobile recharge expires on 25 Sep.,ham,0
Get instant loan Rs 500 without documents. Apply paytm-reward.top/win,spam,1
Rs 3263 credited to your account from Priya. UPI Ref 275517448,ham,0
Thanks for the payment of Rs 3211. See you tomorrow!,ham,0
"Hi Karan, are we meeting at 6:30 PM?",ham,0
161795 is your OTP. Do not share it with anyone.,ham,0
Thanks for the payment of Rs 2792. See you tomorrow!,ham,0
Your order has been shipped. Delivery by 12 Sep.,ham,0
"Hey Ravi, sent you Rs 1956 for dinner.",ham,0
You have won a lucky draw of Rs 500! Pay Rs 99 fee at tinyurl.com/claim-cash,spam,1
Thanks for the payment of Rs 2703. See you tomorrow!,ham,0
Rs 903 credited to your account from Rahul. UPI Ref 241021380,ham,0
"Dear customer your UPI is blocked, click cutt.ly/upiBlock to reactivate",spam,1
Rs 2705 credited to your account from Neha. UPI Ref 867447893,ham,0
Reminder: your mobile recharge expires on 20 Sep.,ham,0
Reminder: your mobile recharge expires on 15 Sep.,ham,0
548229 is your OTP. Do not share it with anyone.,ham,0
Congrats! You won cashback Rs 500. Claim now paytm-reward.top/win,spam,1
"Dear customer your UPI is blocked, click cutt.ly/upiBlock to reactivate",spam,1
Rs 1562 credited to your account from Sneha. UPI Ref 127920737,ham,0
Your KYC is expired. Update at sbi-secure@verify.info/kyc or account will be blocked today,spam,1
Scan this QR to receive your Rs 500 reward,spam,0
Your UPI payment of Rs 2362 to Karan is successful. Ref 335795101,ham,0
Your KYC is expired. Update at tinyurl.com/claim-cash or account will be blocked today,spam,1
Rs 896 credited to your account from Neha. UPI Ref 514855454,ham,0
Your KYC is expired. Update at bit.ly/3xKyc9 or account will be blocked today,spam,1
Rs 721 credited to your account from Sneha. UPI Ref 530640459,ham,0
Thanks for the payment of Rs 1117. See you tomorrow!,ham,0
Rs 4537 credited to your account from Neha. UPI Ref 661003199,ham,0
"Hi Ravi, are we meeting at 10 AM?",ham,0
"Hi Sneha, are we meeting at 10 AM?",ham,0
Your order has been shipped. Delivery by 12 Sep.,ham,0
"Electricity bill unpaid, power cut tonight. Call or pay at paytm-reward.top/win",spam,1
457881 is your OTP. Do not share it with anyone.,ham,0
Reminder: your mobile recharge expires on 12 Sep.,ham,0
Get instant loan Rs 10000 without documents. Apply paytm-reward.top/win,spam,1
Get instant loan Rs 1000 without documents. Apply bit.ly/3xKyc9,spam,1
Reminder: your mobile recharge expires on 25 Sep.,ham,0
Reminder: your mobile recharge expires on 12 Sep.,ham,0
Reminder: your mobile recharge expires on 25 Sep.,ham,0
Rs 3561 credited to your account from Rahul. UPI Ref 302860584,ham,0
Your UPI payment of Rs 1532 to Priya is successful. Ref 980020672,ham,0
Your UPI payment of Rs 2794 to Anjali is successful. Ref 681991291,ham,0
Congrats! You won cashback Rs 50000. Claim now tinyurl.com/claim-cash,spam,1
You have won a lucky draw of Rs 500! Pay Rs 99 fee at tinyurl.com/claim-cash,spam,1
"Hey Priya, sent you Rs 3654 for dinner.",ham,0
Your KYC is expired. Update at bit.ly/3xKyc9 or account will be blocked today,spam,1
954082 is your OTP. Do not share it with anyone.,ham,0
URGENT: Your bank account will be suspended. Verify at sbi-secure@verify.info/kyc,spam,1
Class rescheduled to 10 AM tomorrow.,ham,0
Thanks for the payment of Rs 1230. See you tomorrow!,ham,0
Rs 3911 credited to your account from Neha. UPI Ref 129169728,ham,0
Class rescheduled to noon tomorrow.,ham,0
You have won a lucky draw of Rs 500! Pay Rs 99 fee at sbi-secure@verify.info/kyc,spam,1
You have won a lucky draw of Rs 5000! Pay Rs 99 fee at sbi-secure@verify.info/kyc,spam,1
Class rescheduled to 6:30 PM tomorrow.,ham,0
Get instant loan Rs 10000 without documents. Apply cutt.ly/upiBlock,spam,1
Rs 4890 credited to your account from Priya. UPI Ref 661468958,ham,0
"Hi Neha, are we meeting at 5 PM?",ham,0
Get instant loan Rs 1000 without documents. Apply upi-kyc-update.xyz/login,spam,1
Your order has been shipped. Delivery by 12 Sep.,ham,0
"Hey Sneha, sent you Rs 4922 for dinner.",ham,0
Scan this QR to receive your Rs 1000 reward,spam,0
Your UPI payment of Rs 274 to Rahul is successful. Ref 843291867,ham,0
Thanks for the payment of Rs 3407. See you tomorrow!,ham,0
"Electricity bill unpaid, power cut tonight. Call or pay at tinyurl.com/claim-cash",spam,1
725093 is your OTP. Do not share it with anyone.,ham,0
489958 is your OTP. Do not share it with anyone.,ham,0
Your order has been shipped. Delivery by 12 Sep.,ham,0
Class rescheduled to noon tomorrow.,ham,0
Your electricity bill of Rs 1369 is due on 12 Sep. Pay via official app.,ham,0
944143 is your OTP. Do not share it with anyone.,ham,0
260175 is your OTP. Do not share it with anyone.,ham,0
Your order has been shipped. Delivery by 25 Sep.,ham,0
"Hey Priya, sent you Rs 1777 for dinner.",ham,0
Your electricity bill of Rs 464 is due on 20 Sep. Pay via official app.,ham,0
Reminder: your mobile recharge expires on 20 Sep.,ham,0
Your UPI payment of Rs 465 to Ravi is successful. Ref 178732882,ham,0
"Hey Amit, sent you Rs 4302 for dinner.",ham,0
Class rescheduled to noon tomorrow.,ham,0
"Hi Rahul, are we meeting at 6:30 PM?",ham,0
765027 is your OTP. Do not share it with anyone.,ham,0
Get instant loan Rs 1000 without documents. Apply tinyurl.com/claim-cash,spam,1
Scan this QR to receive your Rs 10000 reward,spam,0
Scan this QR to receive your Rs 1000 reward,spam,0
Thanks for the payment of Rs 4302. See you tomorrow!,ham,0
Rs 2132 credited to your account from Ravi. UPI Ref 197844653,ham,0
Your KYC is expired. Update at paytm-reward.top/win or account will be blocked today,spam,1
"Hi Neha, are we meeting at 5 PM?",ham,0
"Hi Karan, are we meeting at 10 AM?",ham,0
Rs 2970 credited to your account from Neha. UPI Ref 248870466,ham,0
Reminder: your mobile recharge expires on 25 Sep.,ham,0
Reminder: your mobile recharge expires on 25 Sep.,ham,0
URGENT: Your bank account will be suspended. Verify at paytm-reward.top/win,spam,1
400704 is your OTP. Do not share it with anyone.,ham,0
Your electricity bill of Rs 4718 is due on 20 Sep. Pay via official app.,ham,0
"Hey Neha, sent you Rs 367 for dinner.",ham,0
Refund of Rs 1000 pending. Approve the collect request to receive it,spam,0
Thanks for the payment of Rs 4173. See you tomorrow!,ham,0
Rs 1670 credited to your account from Amit. UPI Ref 793749794,ham,0
"Dear customer your UPI is blocked, click sbi-secure@verify.info/kyc to reactivate",spam,1
Class rescheduled to 6:30 PM tomorrow.,ham,0
Your electricity bill of Rs 2205 is due on 15 Sep. Pay via official app.,ham,0
Class rescheduled to noon tomorrow.,ham,0
Your UPI payment of Rs 1873 to Anjali is successful. Ref 434916345,ham,0
Your order has been shipped. Delivery by 25 Sep.,ham,0
Class rescheduled to 6:30 PM tomorrow.,ham,0
Your electricity bill of Rs 2857 is due on 12 Sep. Pay via official app.,ham,0
Your order has been shipped. Delivery by 20 Sep.,ham,0
Your electricity bill of Rs 1333 is due on 20 Sep. Pay via official app.,ham,0
Reminder: your mobile recharge expires on 25 Sep.,ham,0
Rs 2534 credited to your account from Neha. UPI Ref 835211724,ham,0
717786 is your OTP. Do not share it with anyone.,ham,0
Refund of Rs 1000 pending. Approve the collect request to receive it,spam,0
195753 is your OTP. Do not share it with anyone.,ham,0
"Hey Anjali, sent you Rs 2987 for dinner.",ham,0
738746 is your OTP. Do not share it with anyone.,ham,0
Your order has been shipped. Delivery by 12 Sep.,ham,0
Your electricity bill of Rs 768 is due on 20 Sep. Pay via official app.,ham,0
Congrats! You won cashback Rs 1000. Claim now bit.ly/3xKyc9,spam,1
Get instant loan Rs 1000 without documents. Apply tinyurl.com/claim-cash,spam,1
"Dear customer your UPI is blocked, click sbi-secure@verify.info/kyc to reactivate",spam,1
Your electricity bill of Rs 34 is due on 12 Sep. Pay via official app.,ham,0
725994 is your OTP. Do not share it with anyone.,ham,0
Your KYC is expired. Update at sbi-secure@verify.info/kyc or account will be blocked today,spam,1
You have won a lucky draw of Rs 1000! Pay Rs 99 fee at bit.ly/3xKyc9,spam,1
Get instant loan Rs 10000 without documents. Apply upi-kyc-update.xyz/login,spam,1
Scan this QR to receive your Rs 10000 reward,spam,0
Your order has been shipped. Delivery by 25 Sep.,ham,0
259659 is your OTP. Do not share it with anyone.,ham,0
Get instant loan Rs 5000 without documents. Apply cutt.ly/upiBlock,spam,1
831346 is your OTP. Do not share it with anyone.,ham,0
999317 is your OTP. Do not share it with anyone.,ham,0
Your electricity bill of Rs 2162 is due on 15 Sep. Pay via official app.,ham,0
Earn Rs 500 per day working from home. Join now bit.ly/3xKyc9,spam,1
Class rescheduled to 6:30 PM tomorrow.,ham,0
"Hi Priya, are we meeting at noon?",ham,0
Rs 1758 credited to your account from Rahul. UPI Ref 794028956,ham,0
Reminder: your mobile recharge expires on 12 Sep.,ham,0
"Hey Sneha, sent you Rs 4839 for dinner.",ham,0
Thanks for the payment of Rs 4227. See you tomorrow!,ham,0
Reminder: your mobile recharge expires on 20 Sep.,ham,0
Rs 1286 credited to your account from Anjali. UPI Ref 601717053,ham,0
Rs 3687 credited to your account from Priya. UPI Ref 684208284,ham,0
Thanks for the payment of Rs 1552. See you tomorrow!,ham,0
Your order has been shipped. Delivery by 15 Sep.,ham,0
Your electricity bill of Rs 909 is due on 25 Sep. Pay via official app.,ham,0
623913 is your OTP. Do not share it with anyone.,ham,0
Rs 666 credited to your account from Sneha. UPI Ref 924813438,ham,0
Rs 1476 credited to your account from Amit. UPI Ref 439376788,ham,0
Your UPI payment of Rs 1182 to Karan is successful. Ref 501740660,ham,0
Your electricity bill of Rs 2172 is due on 15 Sep. Pay via official app.,ham,0
Your order has been shipped. Delivery by 12 Sep.,ham,0
"Hey Amit, sent you Rs 169 for dinner.",ham,0
Your order has been shipped. Delivery by 15 Sep.,ham,0
Your UPI payment of Rs 3814 to Amit is successful. Ref 657019701,ham,0
Congrats! You won cashback Rs 1000. Claim now bit.ly/3xKyc9,spam,1
Rs 1613 credited to your account from Neha. UPI Ref 866262651,ham,0
You have won a lucky draw of Rs 10000! Pay Rs 99 fee at cutt.ly/upiBlock,spam,1
Congrats! You won cashback Rs 5000. Claim now sbi-secure@verify.info/kyc,spam,1
Your UPI payment of Rs 4399 to Amit is successful. Ref 928449425,ham,0
Your UPI payment of Rs 1241 to Neha is successful. Ref 379827295,ham,0
"Dear customer your UPI is blocked, click cutt.ly/upiBlock to reactivate",spam,1
"Dear customer your UPI is blocked, click paytm-reward.top/win to reactivate",spam,1
Get instant loan Rs 10000 without documents. Apply tinyurl.com/claim-cash,spam,1
Congrats! You won cashback Rs 5000. Claim now cutt.ly/upiBlock,spam,1
Your order has been shipped. Delivery by 20 Sep.,ham,0
You have won a lucky draw of Rs 500! Pay Rs 99 fee at paytm-reward.top/win,spam,1
Your order has been shipped. Delivery by 20 Sep.,ham,0
"Hey Priya, sent you Rs 2402 for dinner.",ham,0
Get instant loan Rs 500 without documents. Apply bit.ly/3xKyc9,spam,1
"Hi Priya, are we meeting at 6:30 PM?",ham,0
Your electricity bill of Rs 1975 is due on 20 Sep. Pay via official app.,ham,0
Your order has been shipped. Delivery by 25 Sep.,ham,0
Thanks for the payment of Rs 3748. See you tomorrow!,ham,0
Reminder: your mobile recharge expires on 20 Sep.,ham,0
"Dear customer your UPI is blocked, click sbi-secure@verify.info/kyc to reactivate",spam,1
Reminder: your mobile recharge expires on 15 Sep.,ham,0
Rs 2907 credited to your account from Rahul. UPI Ref 610520471,ham,0
Get instant loan Rs 500 without documents. Apply sbi-secure@verify.info/kyc,spam,1
Your order has been shipped. Delivery by 15 Sep.,ham,0
Reminder: your mobile recharge expires on 12 Sep.,ham,0
Your UPI payment of Rs 3014 to Rahul is successful. Ref 778416601,ham,0
252959 is your OTP. Do not share it with anyone.,ham,0
Scan this QR to receive your Rs 5000 reward,spam,0
Congrats! You won cashback Rs 50000. Claim now cutt.ly/upiBlock,spam,1
Reminder: your mobile recharge expires on 20 Sep.,ham,0
Thanks for the payment of Rs 1805. See you tomorrow!,ham,0
Reminder: your mobile recharge expires on 25 Sep.,ham,0
Scan this QR to receive your Rs 10000 reward,spam,0
512332 is your OTP. Do not share it with anyone.,ham,0
Earn Rs 50000 per day working from home. Join now cutt.ly/upiBlock,spam,1
Your electricity bill of Rs 3524 is due on 25 Sep. Pay via official app.,ham,0
Your order has been shipped. Delivery by 12 Sep.,ham,0
Get instant loan Rs 10000 without documents. Apply paytm-reward.top/win,spam,1
"Hey Priya, sent you Rs 1288 for dinner.",ham,0
"Hey Amit, sent you Rs 1570 for dinner.",ham,0
Rs 1528 credited to your account from Amit. UPI Ref 870273744,ham,0
Your order has been shipped. Delivery by 20 Sep.,ham,0
Your order has been shipped. Delivery by 15 Sep.,ham,0
Class rescheduled to 10 AM tomorrow.,ham,0
"Hi Neha, are we meeting at 6:30 PM?",ham,0
"Hi Karan, are we meeting at 10 AM?",ham,0
933256 is your OTP. Do not share it with anyone.,ham,0
Scan this QR to receive your Rs 5000 reward,spam,0
URGENT: Your bank account will be suspended. Verify at paytm-reward.top/win,spam,1
You have won a lucky draw of Rs 500! Pay Rs 99 fee at cutt.ly/upiBlock,spam,1
"Dear customer your UPI is blocked, click cutt.ly/upiBlock to reactivate",spam,1
731867 is your OTP. Do not share it with anyone.,ham,0
Thanks for the payment of Rs 4347. See you tomorrow!,ham,0
"Electricity bill unpaid, power cut tonight. Call or pay at bit.ly/3xKyc9",spam,1
Class rescheduled to noon tomorrow.,ham,0
Class rescheduled to 5 PM tomorrow.,ham,0
Your electricity bill of Rs 3479 is due on 12 Sep. Pay via official app.,ham,0
Your electricity bill of Rs 2145 is due on 20 Sep. Pay via official app.,ham,0
694518 is your OTP. Do not share it with anyone.,ham,0
262546 is your OTP. Do not share it with anyone.,ham,0
"Hey Priya, sent you Rs 2670 for dinner.",ham,0
Class rescheduled to 5 PM tomorrow.,ham,0
Congrats! You won cashback Rs 1000. Claim now tinyurl.com/claim-cash,spam,1
Refund of Rs 500 pending. Approve the collect request to receive it,spam,0
Get instant loan Rs 50000 without documents. Apply tinyurl.com/claim-cash,spam,1
"Hey Amit, sent you Rs 1326 for dinner.",ham,0
112393 is your OTP. Do not share it with anyone.,ham,0
Rs 3344 credited to your account from Ravi. UPI Ref 224346554,ham,0
Rs 1145 credited to your account from Neha. UPI Ref 947615997,ham,0
Reminder: your mobile recharge expires on 25 Sep.,ham,0
Your electricity bill of Rs 1858 is due on 25 Sep. Pay via official app.,ham,0
"Hi Rahul, are we meeting at noon?",ham,0
"Hi Rahul, are we meeting at 10 AM?",ham,0
Your UPI payment of Rs 2691 to Neha is successful. Ref 458729167,ham,0
Your electricity bill of Rs 1111 is due on 15 Sep. Pay via official app.,ham,0
URGENT: Your bank account will be suspended. Verify at sbi-secure@verify.info/kyc,spam,1
Class rescheduled to 10 AM tomorrow.,ham,0
Get instant loan Rs 5000 without documents. Apply sbi-secure@verify.info/kyc,spam,1
Scan this QR to receive your Rs 1000 reward,spam,0
Your order has been shipped. Delivery by 12 Sep.,ham,0
Earn Rs 10000 per day working from home. Join now bit.ly/3xKyc9,spam,1
"Hey Karan, sent you Rs 4501 for dinner.",ham,0
"Electricity bill unpaid, power cut tonight. Call or pay at tinyurl.com/claim-cash",spam,1
Reminder: your mobile recharge expires on 25 Sep.,ham,0
"Hey Anjali, sent you Rs 250 for dinner.",ham,0
Class rescheduled to 5 PM tomorrow.,ham,0
131488 is your OTP. Do not share it with anyone.,ham,0
Rs 2202 credited to your account from Anjali. UPI Ref 502862433,ham,0
Your order has been shipped. Delivery by 20 Sep.,ham,0
Your UPI payment of Rs 2451 to Sneha is successful. Ref 956615731,ham,0
Your order has been shipped. Delivery by 12 Sep.,ham,0
Your electricity bill of Rs 1464 is due on 12 Sep. Pay via official app.,ham,0
130138 is your OTP. Do not share it with anyone.,ham,0
Scan this QR to receive your Rs 10000 reward,spam,0
Class rescheduled to noon tomorrow.,ham,0
"Hi Ravi, are we meeting at 10 AM?",ham,0
Get instant loan Rs 50000 without documents. Apply bit.ly/3xKyc9,spam,1
186158 is your OTP. Do not share it with anyone.,ham,0
Reminder: your mobile recharge expires on 12 Sep.,ham,0
Your electricity bill of Rs 213 is due on 15 Sep. Pay via official app.,ham,0
Your electricity bill of Rs 4215 is due on 15 Sep. Pay via official app.,ham,0
Thanks for the payment of Rs 4654. See you tomorrow!,ham,0
Your KYC is expired. Update at cutt.ly/upiBlock or account will be blocked today,spam,1
Your electricity bill of Rs 2705 is due on 20 Sep. Pay via official app.,ham,0
"Hey Neha, sent you Rs 3267 for dinner.",ham,0
Your KYC is expired. Update at bit.ly/3xKyc9 or account will be blocked today,spam,1
Congrats! You won cashback Rs 1000. Claim now cutt.ly/upiBlock,spam,1
Congrats! You won cashback Rs 50000. Claim now tinyurl.com/claim-cash,spam,1
Earn Rs 1000 per day working from home. Join now upi-kyc-update.xyz/login,spam,1
Class rescheduled to 6:30 PM tomorrow.,ham,0
Thanks for the payment of Rs 4567. See you tomorrow!,ham,0
Reminder: your mobile recharge expires on 25 Sep.,ham,0
"Hey Anjali, sent you Rs 877 for dinner.",ham,0
Your order has been shipped. Delivery by 25 Sep.,ham,0
Congrats! You won cashback Rs 10000. Claim now upi-kyc-update.xyz/login,spam,1
"Hi Ravi, are we meeting at 10 AM?",ham,0
327851 is your OTP. Do not share it with anyone.,ham,0
Reminder: your mobile recharge expires on 15 Sep.,ham,0
"Hey Amit, sent you Rs 4469 for dinner.",ham,0
Your UPI payment of Rs 4783 to Rahul is successful. Ref 622949564,ham,0
948299 is your OTP. Do not share it with anyone.,ham,0
"Electricity bill unpaid, power cut tonight. Call or pay at paytm-reward.top/win",spam,1
Your order has been shipped. Delivery by 15 Sep.,ham,0
You have won a lucky draw of Rs 10000! Pay Rs 99 fee at bit.ly/3xKyc9,spam,1
Scan this QR to receive your Rs 5000 reward,spam,0
Your UPI payment of Rs 1925 to Neha is successful. Ref 159391332,ham,0
Reminder: your mobile recharge expires on 15 Sep.,ham,0
Your order has been shipped. Delivery by 15 Sep.,ham,0
Scan this QR to receive your Rs 5000 reward,spam,0
"Electricity bill unpaid, power cut tonight. Call or pay at sbi-secure@verify.info/kyc",spam,1
Congrats! You won cashback Rs 500. Claim now tinyurl.com/claim-cash,spam,1
Rs 120 credited to your account from Anjali. UPI Ref 909926974,ham,0
"Hi Rahul, are we meeting at noon?",ham,0
Rs 429 credited to your account from Priya. UPI Ref 257196247,ham,0
"Hi Karan, are we meeting at 10 AM?",ham,0
"Hi Rahul, are we meeting at 5 PM?",ham,0
Thanks for the payment of Rs 4937. See you tomorrow!,ham,0
"Hi Ravi, are we meeting at 10 AM?",ham,0
Your electricity bill of Rs 638 is due on 12 Sep. Pay via official app.,ham,0
Your electricity bill of Rs 2277 is due on 25 Sep. Pay via official app.,ham,0
Congrats! You won cashback Rs 5000. Claim now paytm-reward.top/win,spam,1
Class rescheduled to 5 PM tomorrow.,ham,0
Congrats! You won cashback Rs 5000. Claim now cutt.ly/upiBlock,spam,1
Your electricity bill of Rs 4002 is due on 15 Sep. Pay via official app.,ham,0
701553 is your OTP. Do not share it with anyone.,ham,0
Rs 3888 credited to your account from Ravi. UPI Ref 933418180,ham,0
Congrats! You won cashback Rs 50000. Claim now cutt.ly/upiBlock,spam,1
983246 is your OTP. Do not share it with anyone.,ham,0
Your order has been shipped. Delivery by 20 Sep.,ham,0
910069 is your OTP. Do not share it with anyone.,ham,0
Thanks for the payment of Rs 2440. See you tomorrow!,ham,0
"Electricity bill unpaid, power cut tonight. Call or pay at sbi-secure@verify.info/kyc",spam,1
Your order has been shipped. Delivery by 25 Sep.,ham,0
"Hey Neha, sent you Rs 3334 for dinner.",ham,0
"Hi Anjali, are we meeting at 6:30 PM?",ham,0
Your electricity bill of Rs 4533 is due on 15 Sep. Pay via official app.,ham,0
253239 is your OTP. Do not share it with anyone.,ham,0
Thanks for the payment of Rs 1425. See you tomorrow!,ham,0
You have won a lucky draw of Rs 50000! Pay Rs 99 fee at cutt.ly/upiBlock,spam,1
"Hey Anjali, sent you Rs 1985 for dinner.",ham,0
"Hi Rahul, are we meeting at 6:30 PM?",ham,0
Class rescheduled to 6:30 PM tomorrow.,ham,0
You have won a lucky draw of Rs 5000! Pay Rs 99 fee at sbi-secure@verify.info/kyc,spam,1
Earn Rs 1000 per day working from home. Join now paytm-reward.top/win,spam,1
Your KYC is expired. Update at tinyurl.com/claim-cash or account will be blocked today,spam,1
536341 is your OTP. Do not share it with anyone.,ham,0
Your order has been shipped. Delivery by 15 Sep.,ham,0
Refund of Rs 10000 pending. Approve the collect request to receive it,spam,0
Reminder: your mobile recharge expires on 12 Sep.,ham,0
Earn Rs 5000 per day working from home. Join now upi-kyc-update.xyz/login,spam,1
Your order has been shipped. Delivery by 25 Sep.,ham,0
Rs 3279 credited to your account from Amit. UPI Ref 832794202,ham,0
Your electricity bill of Rs 539 is due on 15 Sep. Pay via official app.,ham,0
Thanks for the payment of Rs 819. See you tomorrow!,ham,0
Your order has been shipped. Delivery by 25 Sep.,ham,0
Your order has been shipped. Delivery by 20 Sep.,ham,0
Class rescheduled to 10 AM tomorrow.,ham,0
"Dear customer your UPI is blocked, click sbi-secure@verify.info/kyc to reactivate",spam,1
URGENT: Your bank account will be suspended. Verify at tinyurl.com/claim-cash,spam,1
Thanks for the payment of Rs 4118. See you tomorrow!,ham,0
371859 is your OTP. Do not share it with anyone.,ham,0
Your UPI payment of Rs 2479 to Ravi is successful. Ref 793546222,ham,0
URGENT: Your bank account will be suspended. Verify at bit.ly/3xKyc9,spam,1
Thanks for the payment of Rs 3726. See you tomorrow!,ham,0
Reminder: your mobile recharge expires on 20 Sep.,ham,0
Refund of Rs 500 pending. Approve the collect request to receive it,spam,0
Rs 4685 credited to your account from Ravi. UPI Ref 373762739,ham,0
898506 is your OTP. Do not share it with anyone.,ham,0
Rs 1231 credited to your account from Ravi. UPI Ref 924177157,ham,0
URGENT: Your bank account will be suspended. Verify at bit.ly/3xKyc9,spam,1
Your electricity bill of Rs 1656 is due on 20 Sep. Pay via official app.,ham,0
Your electricity bill of Rs 126 is due on 20 Sep. Pay via official app.,ham,0
Earn Rs 1000 per day working from home. Join now sbi-secure@verify.info/kyc,spam,1
You have won a lucky draw of Rs 50000! Pay Rs 99 fee at sbi-secure@verify.info/kyc,spam,1
Your UPI payment of Rs 4575 to Ravi is successful. Ref 466897315,ham,0
Your electricity bill of Rs 4352 is due on 20 Sep. Pay via official app.,ham,0
Reminder: your mobile recharge expires on 15 Sep.,ham,0
Class rescheduled to 6:30 PM tomorrow.,ham,0
829121 is your OTP. Do not share it with anyone.,ham,0
Class rescheduled to 5 PM tomorrow.,ham,0
Your electricity bill of Rs 4147 is due on 20 Sep. Pay via official app.,ham,0
Rs 3080 credited to your account from Karan. UPI Ref 351147187,ham,0
Your order has been shipped. Delivery by 20 Sep.,ham,0
Rs 3214 credited to your account from Sneha. UPI Ref 740780250,ham,0
Class rescheduled to 5 PM tomorrow.,ham,0
Your KYC is expired. Update at paytm-reward.top/win or account will be blocked today,spam,1
Rs 1170 credited to your account from Sneha. UPI Ref 291884844,ham,0
Thanks for the payment of Rs 2721. See you tomorrow!,ham,0
Your UPI payment of Rs 1991 to Sneha is successful. Ref 810480221,ham,0
Your KYC is expired. Update at tinyurl.com/claim-cash or account will be blocked today,spam,1
Scan this QR to receive your Rs 10000 reward,spam,0
Refund of Rs 50000 pending. Approve the collect request to receive it,spam,0
"Dear customer your UPI is blocked, click bit.ly/3xKyc9 to reactivate",spam,1
Earn Rs 500 per day working from home. Join now bit.ly/3xKyc9,spam,1
Reminder: your mobile recharge expires on 20 Sep.,ham,0
Rs 4484 credited to your account from Karan. UPI Ref 403460208,ham,0
"Dear customer your UPI is blocked, click cutt.ly/upiBlock to reactivate",spam,1
You have won a lucky draw of Rs 500! Pay Rs 99 fee at cutt.ly/upiBlock,spam,1
Your KYC is expired. Update at cutt.ly/upiBlock or account will be blocked today,spam,1
Your electricity bill of Rs 1968 is due on 25 Sep. Pay via official app.,ham,0
Your KYC is expired. Update at upi-kyc-update.xyz/login or account will be blocked today,spam,1
Congrats! You won cashback Rs 1000. Claim now sbi-secure@verify.info/kyc,spam,1
Your UPI payment of Rs 4485 to Karan is successful. Ref 351841643,ham,0
"Electricity bill unpaid, power cut tonight. Call or pay at tinyurl.com/claim-cash",spam,1
978445 is your OTP. Do not share it with anyone.,ham,0
Earn Rs 50000 per day working from home. Join now upi-kyc-update.xyz/login,spam,1
"Hey Rahul, sent you Rs 3703 for dinner.",ham,0
Thanks for the payment of Rs 3360. See you tomorrow!,ham,0
Your UPI payment of Rs 1011 to Neha is successful. Ref 563751224,ham,0
Your electricity bill of Rs 3981 is due on 20 Sep. Pay via official app.,ham,0
Class rescheduled to noon tomorrow.,ham,0
Earn Rs 500 per day working from home. Join now upi-kyc-update.xyz/login,spam,1
Reminder: your mobile recharge expires on 15 Sep.,ham,0
Thanks for the payment of Rs 3935. See you tomorrow!,ham,0
Your UPI payment of Rs 21 to Priya is successful. Ref 997180128,ham,0
Your electricity bill of Rs 1482 is due on 12 Sep. Pay via official app.,ham,0
Reminder: your mobile recharge expires on 15 Sep.,ham,0
Your UPI payment of Rs 403 to Karan is successful. Ref 795514221,ham,0
Scan this QR to receive your Rs 10000 reward,spam,0
"Electricity bill unpaid, power cut tonight. Call or pay at sbi-secure@verify.info/kyc",spam,1
Rs 4533 credited to your account from Rahul. UPI Ref 959562620,ham,0
Class rescheduled to 10 AM tomorrow.,ham,0
Your order has been shipped. Delivery by 15 Sep.,ham,0
Congrats! You won cashback Rs 5000. Claim now cutt.ly/upiBlock,spam,1
Your order has been shipped. Delivery by 25 Sep.,ham,0
"Hey Neha, sent you Rs 859 for dinner.",ham,0
"Hi Neha, are we meeting at noon?",ham,0
Rs 418 credited to your account from Anjali. UPI Ref 149978842,ham,0
Your KYC is expired. Update at bit.ly/3xKyc9 or account will be blocked today,spam,1
Congrats! You won cashback Rs 10000. Claim now tinyurl.com/claim-cash,spam,1
"Electricity bill unpaid, power cut tonight. Call or pay at paytm-reward.top/win",spam,1
Class rescheduled to 6:30 PM tomorrow.,ham,0
Your KYC is expired. Update at paytm-reward.top/win or account will be blocked today,spam,1
URGENT: Your bank account will be suspended. Verify at cutt.ly/upiBlock,spam,1
Rs 3250 credited to your account from Priya. UPI Ref 550464891,ham,0
Scan this QR to receive your Rs 1000 reward,spam,0
Scan this QR to receive your Rs 5000 reward,spam,0
"Dear customer your UPI is blocked, click upi-kyc-update.xyz/login to reactivate",spam,1
Your order has been shipped. Delivery by 15 Sep.,ham,0
Your KYC is expired. Update at bit.ly/3xKyc9 or account will be blocked today,spam,1
Rs 2342 credited to your account from Rahul. UPI Ref 162810207,ham,0
Your UPI payment of Rs 696 to Ravi is successful. Ref 747341389,ham,0
Your order has been shipped. Delivery by 25 Sep.,ham,0
Your order has been shipped. Delivery by 12 Sep.,ham,0
Your UPI payment of Rs 2002 to Neha is successful. Ref 326808022,ham,0
Reminder: your mobile recharge expires on 15 Sep.,ham,0
Your electricity bill of Rs 3231 is due on 20 Sep. Pay via official app.,ham,0
Your KYC is expired. Update at sbi-secure@verify.info/kyc or account will be blocked today,spam,1
880969 is your OTP. Do not share it with anyone.,ham,0
"Electricity bill unpaid, power cut tonight. Call or pay at bit.ly/3xKyc9",spam,1
137155 is your OTP. Do not share it with anyone.,ham,0
Earn Rs 5000 per day working from home. Join now sbi-secure@verify.info/kyc,spam,1
Reminder: your mobile recharge expires on 15 Sep.,ham,0
Your order has been shipped. Delivery by 25 Sep.,ham,0
Reminder: your mobile recharge expires on 12 Sep.,ham,0
Rs 4612 credited to your account from Amit. UPI Ref 327665228,ham,0
Rs 2440 credited to your account from Sneha. UPI Ref 810293252,ham,0
"Dear customer your UPI is blocked, click upi-kyc-update.xyz/login to reactivate",spam,1
URGENT: Your bank account will be suspended. Verify at tinyurl.com/claim-cash,spam,1
777394 is your OTP. Do not share it with anyone.,ham,0
Your KYC is expired. Update at upi-kyc-update.xyz/login or account will be blocked today,spam,1
Reminder: your mobile recharge expires on 15 Sep.,ham,0
Rs 39 credited to your account from Neha. UPI Ref 612942824,ham,0
Class rescheduled to 10 AM tomorrow.,ham,0
"Electricity bill unpaid, power cut tonight. Call or pay at paytm-reward.top/win",spam,1
533708 is your OTP. Do not share it with anyone.,ham,0
"Hey Rahul, sent you Rs 1562 for dinner.",ham,0
"Hi Anjali, are we meeting at 5 PM?",ham,0
Thanks for the payment of Rs 2702. See you tomorrow!,ham,0
Earn Rs 10000 per day working from home. Join now upi-kyc-update.xyz/login,spam,1
Your UPI payment of Rs 4222 to Neha is successful. Ref 794249174,ham,0
157888 is your OTP. Do not share it with anyone.,ham,0
Get instant loan Rs 1000 without documents. Apply paytm-reward.top/win,spam,1
Your UPI payment of Rs 1939 to Karan is successful. Ref 446355440,ham,0
"Electricity bill unpaid, power cut tonight. Call or pay at upi-kyc-update.xyz/login",spam,1
Thanks for the payment of Rs 4197. See you tomorrow!,ham,0
"Electricity bill unpaid, power cut tonight. Call or pay at paytm-reward.top/win",spam,1
"Dear customer your UPI is blocked, click cutt.ly/upiBlock to reactivate",spam,1
Reminder: your mobile recharge expires on 25 Sep.,ham,0
"Electricity bill unpaid, power cut tonight. Call or pay at paytm-reward.top/win",spam,1
Congrats! You won cashback Rs 5000. Claim now sbi-secure@verify.info/kyc,spam,1
Reminder: your mobile recharge expires on 20 Sep.,ham,0
Your UPI payment of Rs 495 to Ravi is successful. Ref 710576019,ham,0
Congrats! You won cashback Rs 1000. Claim now paytm-reward.top/win,spam,1
311497 is your OTP. Do not share it with anyone.,ham,0
"Hi Ravi, are we meeting at noon?",ham,0
444657 is your OTP. Do not share it with anyone.,ham,0
Your UPI payment of Rs 306 to Sneha is successful. Ref 769035871,ham,0
Class rescheduled to 6:30 PM tomorrow.,ham,0
Get instant loan Rs 10000 without documents. Apply bit.ly/3xKyc9,spam,1
"Dear customer your UPI is blocked, click bit.ly/3xKyc9 to reactivate",spam,1
Class rescheduled to noon tomorrow.,ham,0
174827 is your OTP. Do not share it with anyone.,ham,0
Your electricity bill of Rs 4307 is due on 15 Sep. Pay via official app.,ham,0
Your UPI payment of Rs 4982 to Anjali is successful. Ref 619600374,ham,0
URGENT: Your bank account will be suspended. Verify at upi-kyc-update.xyz/login,spam,1
Class rescheduled to 6:30 PM tomorrow.,ham,0
796929 is your OTP. Do not share it with anyone.,ham,0
"Dear customer your UPI is blocked, click upi-kyc-update.xyz/login to reactivate",spam,1
"Hey Neha, sent you Rs 1220 for dinner.",ham,0
Rs 923 credited to your account from Ravi. UPI Ref 340064685,ham,0
Your KYC is expired. Update at upi-kyc-update.xyz/login or account will be blocked today,spam,1
Get instant loan Rs 1000 without documents. Apply bit.ly/3xKyc9,spam,1
Your KYC is expired. Update at tinyurl.com/claim-cash or account will be blocked today,spam,1
"Hi Amit, are we meeting at 10 AM?",ham,0
Your order has been shipped. Delivery by 20 Sep.,ham,0
Rs 2283 credited to your account from Priya. UPI Ref 728319238,ham,0
Class rescheduled to 10 AM tomorrow.,ham,0
"Hey Sneha, sent you Rs 4419 for dinner.",ham,0
Your order has been shipped. Delivery by 12 Sep.,ham,0
"Hi Karan, are we meeting at 6:30 PM?",ham,0
"Dear customer your UPI is blocked, click paytm-reward.top/win to reactivate",spam,1
Scan this QR to receive your Rs 500 reward,spam,0
Congrats! You won cashback Rs 500. Claim now cutt.ly/upiBlock,spam,1
"Dear customer your UPI is blocked, click tinyurl.com/claim-cash to reactivate",spam,1
"Electricity bill unpaid, power cut tonight. Call or pay at cutt.ly/upiBlock",spam,1
Thanks for the payment of Rs 2026. See you tomorrow!,ham,0
Reminder: your mobile recharge expires on 20 Sep.,ham,0
453214 is your OTP. Do not share it with anyone.,ham,0
Thanks for the payment of Rs 4272. See you tomorrow!,ham,0
Get instant loan Rs 5000 without documents. Apply tinyurl.com/claim-cash,spam,1
Your KYC is expired. Update at sbi-secure@verify.info/kyc or account will be blocked today,spam,1
Earn Rs 10000 per day working from home. Join now paytm-reward.top/win,spam,1
Reminder: your mobile recharge expires on 15 Sep.,ham,0
"Hi Neha, are we meeting at 10 AM?",ham,0
Refund of Rs 10000 pending. Approve the collect request to receive it,spam,0
Class rescheduled to 10 AM tomorrow.,ham,0
Your UPI payment of Rs 3949 to Anjali is successful. Ref 538159129,ham,0
Your UPI payment of Rs 339 to Sneha is successful. Ref 581364339,ham,0
Your UPI payment of Rs 3610 to Sneha is successful. Ref 872919042,ham,0
Thanks for the payment of Rs 1535. See you tomorrow!,ham,0
Reminder: your mobile recharge expires on 12 Sep.,ham,0
Scan this QR to receive your Rs 1000 reward,spam,0
Refund of Rs 1000 pending. Approve the collect request to receive it,spam,0
Your order has been shipped. Delivery by 12 Sep.,ham,0
171192 is your OTP. Do not share it with anyone.,ham,0
486361 is your OTP. Do not share it with anyone.,ham,0
764627 is your OTP. Do not share it with anyone.,ham,0
Thanks for the payment of Rs 755. See you tomorrow!,ham,0
Refund of Rs 500 pending. Approve the collect request to receive it,spam,0
633262 is your OTP. Do not share it with anyone.,ham,0
394748 is your OTP. Do not share it with anyone.,ham,0
Thanks for the payment of Rs 357. See you tomorrow!,ham,0
Your UPI payment of Rs 2100 to Neha is successful. Ref 962296617,ham,0
Your UPI payment of Rs 4162 to Anjali is successful. Ref 123174421,ham,0
"Hi Ravi, are we meeting at 10 AM?",ham,0
Your electricity bill of Rs 3929 is due on 20 Sep. Pay via official app.,ham,0
Congrats! You won cashback Rs 1000. Claim now bit.ly/3xKyc9,spam,1
"Dear customer your UPI is blocked, click upi-kyc-update.xyz/login to reactivate",spam,1
Scan this QR to receive your Rs 5000 reward,spam,0
Your electricity bill of Rs 1585 is due on 20 Sep. Pay via official app.,ham,0
Thanks for the payment of Rs 2908. See you tomorrow!,ham,0
"Hey Priya, sent you Rs 3844 for dinner.",ham,0
Thanks for the payment of Rs 3611. See you tomorrow!,ham,0
"Hi Anjali, are we meeting at 5 PM?",ham,0
Reminder: your mobile recharge expires on 12 Sep.,ham,0
"Dear customer your UPI is blocked, click upi-kyc-update.xyz/login to reactivate",spam,1
"Hey Neha, sent you Rs 2738 for dinner.",ham,0
Thanks for the payment of Rs 4366. See you tomorrow!,ham,0
Class rescheduled to 10 AM tomorrow.,ham,0
"Electricity bill unpaid, power cut tonight. Call or pay at tinyurl.com/claim-cash",spam,1
Rs 1387 credited to your account from Ravi. UPI Ref 208653278,ham,0
Your electricity bill of Rs 1417 is due on 20 Sep. Pay via official app.,ham,0
Class rescheduled to noon tomorrow.,ham,0
Refund of Rs 10000 pending. Approve the collect request to receive it,spam,0
Class rescheduled to noon tomorrow.,ham,0
"Hi Anjali, are we meeting at 6:30 PM?",ham,0
"Hey Amit, sent you Rs 4306 for dinner.",ham,0
Get instant loan Rs 50000 without documents. Apply sbi-secure@verify.info/kyc,spam,1
Your KYC is expired. Update at cutt.ly/upiBlock or account will be blocked today,spam,1
Refund of Rs 1000 pending. Approve the collect request to receive it,spam,0
"Electricity bill unpaid, power cut tonight. Call or pay at upi-kyc-update.xyz/login",spam,1
Get instant loan Rs 10000 without documents. Apply tinyurl.com/claim-cash,spam,1
Your UPI payment of Rs 1251 to Ravi is successful. Ref 503222138,ham,0
Class rescheduled to 6:30 PM tomorrow.,ham,0
Get instant loan Rs 5000 without documents. Apply bit.ly/3xKyc9,spam,1
Your UPI payment of Rs 2775 to Sneha is successful. Ref 680481063,ham,0
"Electricity bill unpaid, power cut tonight. Call or pay at upi-kyc-update.xyz/login",spam,1
"Hey Rahul, sent you Rs 4548 for dinner.",ham,0
Congrats! You won cashback Rs 1000. Claim now sbi-secure@verify.info/kyc,spam,1
Earn Rs 500 per day working from home. Join now paytm-reward.top/win,spam,1
Your electricity bill of Rs 1984 is due on 20 Sep. Pay via official app.,ham,0
Your order has been shipped. Delivery by 15 Sep.,ham,0
You have won a lucky draw of Rs 50000! Pay Rs 99 fee at bit.ly/3xKyc9,spam,1
Rs 4002 credited to your account from Karan. UPI Ref 898520696,ham,0
You have won a lucky draw of Rs 50000! Pay Rs 99 fee at tinyurl.com/claim-cash,spam,1
URGENT: Your bank account will be suspended. Verify at sbi-secure@verify.info/kyc,spam,1
618646 is your OTP. Do not share it with anyone.,ham,0
Rs 4121 credited to your account from Ravi. UPI Ref 496307699,ham,0
Your order has been shipped. Delivery by 15 Sep.,ham,0
"Hey Anjali, sent you Rs 1216 for dinner.",ham,0
Your KYC is expired. Update at sbi-secure@verify.info/kyc or account will be blocked today,spam,1
Your order has been shipped. Delivery by 15 Sep.,ham,0
Class rescheduled to 5 PM tomorrow.,ham,0
"Hi Karan, are we meeting at 5 PM?",ham,0
Reminder: your mobile recharge expires on 15 Sep.,ham,0
Class rescheduled to 5 PM tomorrow.,ham,0
Reminder: your mobile recharge expires on 15 Sep.,ham,0
Rs 394 credited to your account from Amit. UPI Ref 257106837,ham,0
Congrats! You won cashback Rs 500. Claim now tinyurl.com/claim-cash,spam,1
Refund of Rs 50000 pending. Approve the collect request to receive it,spam,0
Your order has been shipped. Delivery by 25 Sep.,ham,0
"Hi Karan, are we meeting at noon?",ham,0
Thanks for the payment of Rs 4712. See you tomorrow!,ham,0
Thanks for the payment of Rs 934. See you tomorrow!,ham,0
889450 is your OTP. Do not share it with anyone.,ham,0
Your order has been shipped. Delivery by 20 Sep.,ham,0
387135 is your OTP. Do not share it with anyone.,ham,0
Get instant loan Rs 1000 without documents. Apply cutt.ly/upiBlock,spam,1
Your order has been shipped. Delivery by 15 Sep.,ham,0
Rs 4794 credited to your account from Priya. UPI Ref 158264789,ham,0
"Hey Neha, sent you Rs 2747 for dinner.",ham,0
Refund of Rs 50000 pending. Approve the collect request to receive it,spam,0
You have won a lucky draw of Rs 1000! Pay Rs 99 fee at cutt.ly/upiBlock,spam,1
Reminder: your mobile recharge expires on 20 Sep.,ham,0
"Hey Priya, sent you Rs 1059 for dinner.",ham,0
Congrats! You won cashback Rs 500. Claim now sbi-secure@verify.info/kyc,spam,1
Class rescheduled to 10 AM tomorrow.,ham,0
You have won a lucky draw of Rs 500! Pay Rs 99 fee at bit.ly/3xKyc9,spam,1
"Hey Karan, sent you Rs 4721 for dinner.",ham,0
Your order has been shipped. Delivery by 12 Sep.,ham,0
"Hey Priya, sent you Rs 2963 for dinner.",ham,0
"Hi Neha, are we meeting at noon?",ham,0
Class rescheduled to 5 PM tomorrow.,ham,0
Thanks for the payment of Rs 2344. See you tomorrow!,ham,0
"Hi Anjali, are we meeting at 10 AM?",ham,0
Rs 1475 credited to your account from Rahul. UPI Ref 374747958,ham,0
Class rescheduled to 6:30 PM tomorrow.,ham,0
Your electricity bill of Rs 3320 is due on 15 Sep. Pay via official app.,ham,0
Your electricity bill of Rs 2944 is due on 15 Sep. Pay via official app.,ham,0
Your order has been shipped. Delivery by 15 Sep.,ham,0
"Hi Amit, are we meeting at noon?",ham,0
Your electricity bill of Rs 1820 is due on 12 Sep. Pay via official app.,ham,0
Congrats! You won cashback Rs 1000. Claim now sbi-secure@verify.info/kyc,spam,1
701477 is your OTP. Do not share it with anyone.,ham,0
Earn Rs 1000 per day working from home. Join now tinyurl.com/claim-cash,spam,1
"Hi Amit, are we meeting at noon?",ham,0
Scan this QR to receive your Rs 50000 reward,spam,0
Your electricity bill of Rs 214 is due on 25 Sep. Pay via official app.,ham,0
Refund of Rs 5000 pending. Approve the collect request to receive it,spam,0
"Hi Karan, are we meeting at 6:30 PM?",ham,0
Your order has been shipped. Delivery by 25 Sep.,ham,0
Class rescheduled to 5 PM tomorrow.,ham,0
Your KYC is expired. Update at upi-kyc-update.xyz/login or account will be blocked today,spam,1
Reminder: your mobile recharge expires on 12 Sep.,ham,0
764804 is your OTP. Do not share it with anyone.,ham,0
Refund of Rs 50000 pending. Approve the collect request to receive it,spam,0
Scan this QR to receive your Rs 5000 reward,spam,0
Class rescheduled to 5 PM tomorrow.,ham,0
Your UPI payment of Rs 4409 to Neha is successful. Ref 915713768,ham,0
688089 is your OTP. Do not share it with anyone.,ham,0
Your UPI payment of Rs 3060 to Neha is successful. Ref 745760303,ham,0
Your order has been shipped. Delivery by 25 Sep.,ham,0
"Hey Amit, sent you Rs 3675 for dinner.",ham,0
Your electricity bill of Rs 2449 is due on 15 Sep. Pay via official app.,ham,0
786886 is your OTP. Do not share it with anyone.,ham,0
"Hi Ravi, are we meeting at noon?",ham,0
Your order has been shipped. Delivery by 12 Sep.,ham,0
Your order has been shipped. Delivery by 15 Sep.,ham,0
Rs 1758 credited to your account from Neha. UPI Ref 738447162,ham,0
"Hey Rahul, sent you Rs 2051 for dinner.",ham,0
URGENT: Your bank account will be suspended. Verify at cutt.ly/upiBlock,spam,1
URGENT: Your bank account will be suspended. Verify at cutt.ly/upiBlock,spam,1
Thanks for the payment of Rs 2243. See you tomorrow!,ham,0
"Hey Karan, sent you Rs 304 for dinner.",ham,0
Your order has been shipped. Delivery by 15 Sep.,ham,0
Thanks for the payment of Rs 709. See you tomorrow!,ham,0
You have won a lucky draw of Rs 10000! Pay Rs 99 fee at cutt.ly/upiBlock,spam,1
Rs 3849 credited to your account from Priya. UPI Ref 285684232,ham,0
Class rescheduled to 5 PM tomorrow.,ham,0
Rs 264 credited to your account from Rahul. UPI Ref 313287990,ham,0
Rs 2826 credited to your account from Amit. UPI Ref 212267042,ham,0
"Hi Neha, are we meeting at 6:30 PM?",ham,0
Your UPI payment of Rs 2073 to Ravi is successful. Ref 949595807,ham,0
Your UPI payment of Rs 3245 to Amit is successful. Ref 993212459,ham,0
Reminder: your mobile recharge expires on 25 Sep.,ham,0
411903 is your OTP. Do not share it with anyone.,ham,0
Your order has been shipped. Delivery by 20 Sep.,ham,0
Rs 3742 credited to your account from Rahul. UPI Ref 817035005,ham,0
Your electricity bill of Rs 890 is due on 15 Sep. Pay via official app.,ham,0
"Hi Neha, are we meeting at 6:30 PM?",ham,0
709791 is your OTP. Do not share it with anyone.,ham,0
You have won a lucky draw of Rs 50000! Pay Rs 99 fee at bit.ly/3xKyc9,spam,1
895414 is your OTP. Do not share it with anyone.,ham,0
Refund of Rs 50000 pending. Approve the collect request to receive it,spam,0
Your KYC is expired. Update at bit.ly/3xKyc9 or account will be blocked today,spam,1
Class rescheduled to noon tomorrow.,ham,0
Reminder: your mobile recharge expires on 25 Sep.,ham,0
Your order has been shipped. Delivery by 15 Sep.,ham,0
Your electricity bill of Rs 4880 is due on 20 Sep. Pay via official app.,ham,0
"Hey Priya, sent you Rs 1144 for dinner.",ham,0
Your UPI payment of Rs 3712 to Anjali is successful. Ref 474894742,ham,0
917644 is your OTP. Do not share it with anyone.,ham,0
Get instant loan Rs 5000 without documents. Apply tinyurl.com/claim-cash,spam,1
You have won a lucky draw of Rs 5000! Pay Rs 99 fee at upi-kyc-update.xyz/login,spam,1
Your order has been shipped. Delivery by 12 Sep.,ham,0
Earn Rs 1000 per day working from home. Join now cutt.ly/upiBlock,spam,1
Your electricity bill of Rs 2528 is due on 12 Sep. Pay via official app.,ham,0
Class rescheduled to noon tomorrow.,ham,0
Reminder: your mobile recharge expires on 20 Sep.,ham,0
Your UPI payment of Rs 1138 to Anjali is successful. Ref 616671486,ham,0
Your KYC is expired. Update at upi-kyc-update.xyz/login or account will be blocked today,spam,1
"Hey Sneha, sent you Rs 3652 for dinner.",ham,0
Rs 2114 credited to your account from Priya. UPI Ref 668009807,ham,0
Thanks for the payment of Rs 3563. See you tomorrow!,ham,0
Your order has been shipped. Delivery by 25 Sep.,ham,0
"Hey Amit, sent you Rs 2033 for dinner.",ham,0
Your electricity bill of Rs 2982 is due on 12 Sep. Pay via official app.,ham,0
Rs 657 credited to your account from Karan. UPI Ref 356370063,ham,0
Rs 2162 credited to your account from Neha. UPI Ref 348714452,ham,0
Thanks for the payment of Rs 4931. See you tomorrow!,ham,0
Your electricity bill of Rs 1931 is due on 25 Sep. Pay via official app.,ham,0
Your order has been shipped. Delivery by 15 Sep.,ham,0
Thanks for the payment of Rs 4405. See you tomorrow!,ham,0
Reminder: your mobile recharge expires on 25 Sep.,ham,0
Your order has been shipped. Delivery by 15 Sep.,ham,0
"Hi Neha, are we meeting at 10 AM?",ham,0
315115 is your OTP. Do not share it with anyone.,ham,0
Class rescheduled to 6:30 PM tomorrow.,ham,0
"Hey Anjali, sent you Rs 1944 for dinner.",ham,0
"Electricity bill unpaid, power cut tonight. Call or pay at tinyurl.com/claim-cash",spam,1
You have won a lucky draw of Rs 50000! Pay Rs 99 fee at upi-kyc-update.xyz/login,spam,1
Your electricity bill of Rs 3747 is due on 25 Sep. Pay via official app.,ham,0
Your electricity bill of Rs 1027 is due on 15 Sep. Pay via official app.,ham,0
"Hey Anjali, sent you Rs 4076 for dinner.",ham,0
671370 is your OTP. Do not share it with anyone.,ham,0
493476 is your OTP. Do not share it with anyone.,ham,0
Congrats! You won cashback Rs 500. Claim now paytm-reward.top/win,spam,1
Your order has been shipped. Delivery by 25 Sep.,ham,0
Thanks for the payment of Rs 4634. See you tomorrow!,ham,0
Class rescheduled to 6:30 PM tomorrow.,ham,0
Reminder: your mobile recharge expires on 20 Sep.,ham,0
You have won a lucky draw of Rs 50000! Pay Rs 99 fee at sbi-secure@verify.info/kyc,spam,1
Rs 1937 credited to your account from Amit. UPI Ref 115845521,ham,0
"Hey Sneha, sent you Rs 2050 for dinner.",ham,0
"Hey Amit, sent you Rs 4214 for dinner.",ham,0
"Hey Ravi, sent you Rs 4329 for dinner.",ham,0
"Hi Anjali, are we meeting at 10 AM?",ham,0
"Hey Neha, sent you Rs 105 for dinner.",ham,0
Your order has been shipped. Delivery by 25 Sep.,ham,0
Reminder: your mobile recharge expires on 20 Sep.,ham,0
URGENT: Your bank account will be suspended. Verify at cutt.ly/upiBlock,spam,1
Your electricity bill of Rs 485 is due on 12 Sep. Pay via official app.,ham,0
You have won a lucky draw of Rs 5000! Pay Rs 99 fee at upi-kyc-update.xyz/login,spam,1
"Hi Rahul, are we meeting at noon?",ham,0
Scan this QR to receive your Rs 500 reward,spam,0
Your electricity bill of Rs 2235 is due on 20 Sep. Pay via official app.,ham,0
747306 is your OTP. Do not share it with anyone.,ham,0
URGENT: Your bank account will be suspended. Verify at sbi-secure@verify.info/kyc,spam,1
Get instant loan Rs 500 without documents. Apply bit.ly/3xKyc9,spam,1
Your electricity bill of Rs 4999 is due on 12 Sep. Pay via official app.,ham,0
URGENT: Your bank account will be suspended. Verify at paytm-reward.top/win,spam,1
"Hey Amit, sent you Rs 4950 for dinner.",ham,0
Get instant loan Rs 50000 without documents. Apply bit.ly/3xKyc9,spam,1
Congrats! You won cashback Rs 1000. Claim now bit.ly/3xKyc9,spam,1
171928 is your OTP. Do not share it with anyone.,ham,0
Refund of Rs 50000 pending. Approve the collect request to receive it,spam,0
Thanks for the payment of Rs 569. See you tomorrow!,ham,0
Earn Rs 5000 per day working from home. Join now sbi-secure@verify.info/kyc,spam,1
Your order has been shipped. Delivery by 20 Sep.,ham,0
Refund of Rs 500 pending. Approve the collect request to receive it,spam,0
Your electricity bill of Rs 4625 is due on 15 Sep. Pay via official app.,ham,0
Thanks for the payment of Rs 1573. See you tomorrow!,ham,0
"Electricity bill unpaid, power cut tonight. Call or pay at bit.ly/3xKyc9",spam,1
"Hi Neha, are we meeting at 5 PM?",ham,0
Your UPI payment of Rs 3539 to Amit is successful. Ref 621754670,ham,0
URGENT: Your bank account will be suspended. Verify at sbi-secure@verify.info/kyc,spam,1
Class rescheduled to 10 AM tomorrow.,ham,0
Class rescheduled to noon tomorrow.,ham,0
Reminder: your mobile recharge expires on 25 Sep.,ham,0
You have won a lucky draw of Rs 10000! Pay Rs 99 fee at cutt.ly/upiBlock,spam,1
Rs 930 credited to your account from Amit. UPI Ref 585969877,ham,0
"Hey Neha, sent you Rs 3509 for dinner.",ham,0
Class rescheduled to 10 AM tomorrow.,ham,0
"Hey Ravi, sent you Rs 3198 for dinner.",ham,0
"Hi Priya, are we meeting at 10 AM?",ham,0
URGENT: Your bank account will be suspended. Verify at tinyurl.com/claim-cash,spam,1
Reminder: your mobile recharge expires on 12 Sep.,ham,0
You have won a lucky draw of Rs 50000! Pay Rs 99 fee at tinyurl.com/claim-cash,spam,1
Rs 3080 credited to your account from Anjali. UPI Ref 344098577,ham,0
"Hi Priya, are we meeting at 10 AM?",ham,0
Your order has been shipped. Delivery by 12 Sep.,ham,0
Your electricity bill of Rs 3405 is due on 12 Sep. Pay via official app.,ham,0
Thanks for the payment of Rs 1512. See you tomorrow!,ham,0
"Hey Amit, sent you Rs 1360 for dinner.",ham,0
"Hi Sneha, are we meeting at 5 PM?",ham,0
Your order has been shipped. Delivery by 15 Sep.,ham,0
You have won a lucky draw of Rs 50000! Pay Rs 99 fee at tinyurl.com/claim-cash,spam,1
Thanks for the payment of Rs 4259. See you tomorrow!,ham,0
Class rescheduled to noon tomorrow.,ham,0
Class rescheduled to 6:30 PM tomorrow.,ham,0
Your electricity bill of Rs 2847 is due on 12 Sep. Pay via official app.,ham,0
453096 is your OTP. Do not share it with anyone.,ham,0
"Hey Amit, sent you Rs 2855 for dinner.",ham,0
Class rescheduled to 6:30 PM tomorrow.,ham,0
You have won a lucky draw of Rs 500! Pay Rs 99 fee at bit.ly/3xKyc9,spam,1
Get instant loan Rs 500 without documents. Apply upi-kyc-update.xyz/login,spam,1
562800 is your OTP. Do not share it with anyone.,ham,0
Thanks for the payment of Rs 2876. See you tomorrow!,ham,0
Your order has been shipped. Delivery by 12 Sep.,ham,0
"Hey Neha, sent you Rs 655 for dinner.",ham,0
Reminder: your mobile recharge expires on 25 Sep.,ham,0
URGENT: Your bank account will be suspended. Verify at upi-kyc-update.xyz/login,spam,1
549865 is your OTP. Do not share it with anyone.,ham,0
Your UPI payment of Rs 4670 to Sneha is successful. Ref 101417995,ham,0
Your UPI payment of Rs 870 to Ravi is successful. Ref 951505188,ham,0
Thanks for the payment of Rs 867. See you tomorrow!,ham,0
URGENT: Your bank account will be suspended. Verify at cutt.ly/upiBlock,spam,1
Your electricity bill of Rs 4923 is due on 20 Sep. Pay via official app.,ham,0
Scan this QR to receive your Rs 50000 reward,spam,0
Thanks for the payment of Rs 2279. See you tomorrow!,ham,0
Class rescheduled to 6:30 PM tomorrow.,ham,0
Rs 2482 credited to your account from Neha. UPI Ref 227661003,ham,0
Your electricity bill of Rs 2592 is due on 15 Sep. Pay via official app.,ham,0
Reminder: your mobile recharge expires on 15 Sep.,ham,0
Rs 1924 credited to your account from Karan. UPI Ref 234884762,ham,0
Thanks for the payment of Rs 3262. See you tomorrow!,ham,0
Your KYC is expired. Update at tinyurl.com/claim-cash or account will be blocked today,spam,1
Rs 184 credited to your account from Neha. UPI Ref 415585905,ham,0
Your UPI payment of Rs 982 to Neha is successful. Ref 426155297,ham,0
"Hey Karan, sent you Rs 1633 for dinner.",ham,0
Your electricity bill of Rs 875 is due on 15 Sep. Pay via official app.,ham,0
Thanks for the payment of Rs 4501. See you tomorrow!,ham,0
Your KYC is expired. Update at upi-kyc-update.xyz/login or account will be blocked today,spam,1
216408 is your OTP. Do not share it with anyone.,ham,0
"Hi Anjali, are we meeting at 6:30 PM?",ham,0
"Dear customer your UPI is blocked, click sbi-secure@verify.info/kyc to reactivate",spam,1
You have won a lucky draw of Rs 1000! Pay Rs 99 fee at cutt.ly/upiBlock,spam,1
Your UPI payment of Rs 2098 to Priya is successful. Ref 202495531,ham,0
Your UPI payment of Rs 424 to Ravi is successful. Ref 879411866,ham,0
Your electricity bill of Rs 590 is due on 12 Sep. Pay via official app.,ham,0
"Hi Amit, are we meeting at 5 PM?",ham,0
"Dear customer your UPI is blocked, click tinyurl.com/claim-cash to reactivate",spam,1
Your electricity bill of Rs 3684 is due on 25 Sep. Pay via official app.,ham,0
"Hey Ravi, sent you Rs 978 for dinner.",ham,0
Get instant loan Rs 50000 without documents. Apply cutt.ly/upiBlock,spam,1
Your UPI payment of Rs 4371 to Sneha is successful. Ref 377322059,ham,0
Class rescheduled to 5 PM tomorrow.,ham,0
Refund of Rs 50000 pending. Approve the collect request to receive it,spam,0
"Hey Priya, sent you Rs 304 for dinner.",ham,0
Class rescheduled to 6:30 PM tomorrow.,ham,0
Earn Rs 10000 per day working from home. Join now bit.ly/3xKyc9,spam,1
Earn Rs 1000 per day working from home. Join now paytm-reward.top/win,spam,1
"Hi Sneha, are we meeting at 5 PM?",ham,0
You have won a lucky draw of Rs 10000! Pay Rs 99 fee at sbi-secure@verify.info/kyc,spam,1
Your UPI payment of Rs 4506 to Anjali is successful. Ref 446526670,ham,0
Your order has been shipped. Delivery by 25 Sep.,ham,0
Your UPI payment of Rs 4950 to Rahul is successful. Ref 925960304,ham,0
Your electricity bill of Rs 3370 is due on 15 Sep. Pay via official app.,ham,0
Get instant loan Rs 50000 without documents. Apply tinyurl.com/claim-cash,spam,1
Your electricity bill of Rs 349 is due on 15 Sep. Pay via official app.,ham,0
Reminder: your mobile recharge expires on 25 Sep.,ham,0
Get instant loan Rs 10000 without documents. Apply paytm-reward.top/win,spam,1
"Dear customer your UPI is blocked, click paytm-reward.top/win to reactivate",spam,1
Your order has been shipped. Delivery by 12 Sep.,ham,0
Your UPI payment of Rs 4728 to Amit is successful. Ref 308311566,ham,0
"Hey Neha, sent you Rs 3032 for dinner.",ham,0
URGENT: Your bank account will be suspended. Verify at bit.ly/3xKyc9,spam,1
Refund of Rs 500 pending. Approve the collect request to receive it,spam,0
Congrats! You won cashback Rs 10000. Claim now cutt.ly/upiBlock,spam,1
Scan this QR to receive your Rs 10000 reward,spam,0
Scan this QR to receive your Rs 1000 reward,spam,0
Your order has been shipped. Delivery by 15 Sep.,ham,0
"Hey Rahul, sent you Rs 3976 for dinner.",ham,0
Reminder: your mobile recharge expires on 25 Sep.,ham,0
"Dear customer your UPI is blocked, click bit.ly/3xKyc9 to reactivate",spam,1
Earn Rs 1000 per day working from home. Join now bit.ly/3xKyc9,spam,1
Your order has been shipped. Delivery by 20 Sep.,ham,0
539097 is your OTP. Do not share it with anyone.,ham,0
Your UPI payment of Rs 2929 to Karan is successful. Ref 202955831,ham,0
Get instant loan Rs 500 without documents. Apply sbi-secure@verify.info/kyc,spam,1
"Hey Karan, sent you Rs 4551 for dinner.",ham,0
Your electricity bill of Rs 4700 is due on 20 Sep. Pay via official app.,ham,0
Refund of Rs 1000 pending. Approve the collect request to receive it,spam,0
549813 is your OTP. Do not share it with anyone.,ham,0
Class rescheduled to 10 AM tomorrow.,ham,0
Your UPI payment of Rs 3174 to Neha is successful. Ref 424902330,ham,0
Reminder: your mobile recharge expires on 12 Sep.,ham,0
Thanks for the payment of Rs 4979. See you tomorrow!,ham,0
Your order has been shipped. Delivery by 20 Sep.,ham,0
Class rescheduled to noon tomorrow.,ham,0
Congrats! You won cashback Rs 50000. Claim now bit.ly/3xKyc9,spam,1
Refund of Rs 1000 pending. Approve the collect request to receive it,spam,0
URGENT: Your bank account will be suspended. Verify at tinyurl.com/claim-cash,spam,1
760333 is your OTP. Do not share it with anyone.,ham,0
Reminder: your mobile recharge expires on 15 Sep.,ham,0
You have won a lucky draw of Rs 5000! Pay Rs 99 fee at cutt.ly/upiBlock,spam,1
Refund of Rs 500 pending. Approve the collect request to receive it,spam,0
Your UPI payment of Rs 2953 to Sneha is successful. Ref 759009334,ham,0
"Electricity bill unpaid, power cut tonight. Call or pay at upi-kyc-update.xyz/login",spam,1
Thanks for the payment of Rs 3937. See you tomorrow!,ham,0
"Hey Sneha, sent you Rs 2293 for dinner.",ham,0
Your order has been shipped. Delivery by 15 Sep.,ham,0
"Dear customer your UPI is blocked, click sbi-secure@verify.info/kyc to reactivate",spam,1
"Dear customer your UPI is blocked, click cutt.ly/upiBlock to reactivate",spam,1
Your order has been shipped. Delivery by 20 Sep.,ham,0
Your order has been shipped. Delivery by 12 Sep.,ham,0
"Electricity bill unpaid, power cut tonight. Call or pay at cutt.ly/upiBlock",spam,1
URGENT: Your bank account will be suspended. Verify at cutt.ly/upiBlock,spam,1
Class rescheduled to 10 AM tomorrow.,ham,0
Your KYC is expired. Update at bit.ly/3xKyc9 or account will be blocked today,spam,1
Your electricity bill of Rs 2281 is due on 25 Sep. Pay via official app.,ham,0
URGENT: Your bank account will be suspended. Verify at cutt.ly/upiBlock,spam,1
520930 is your OTP. Do not share it with anyone.,ham,0
Your UPI payment of Rs 649 to Karan is successful. Ref 631647448,ham,0
"Dear customer your UPI is blocked, click bit.ly/3xKyc9 to reactivate",spam,1
Congrats! You won cashback Rs 10000. Claim now bit.ly/3xKyc9,spam,1
Earn Rs 1000 per day working from home. Join now sbi-secure@verify.info/kyc,spam,1
Rs 4184 credited to your account from Ravi. UPI Ref 372389687,ham,0
"Hi Priya, are we meeting at 10 AM?",ham,0
"Hey Neha, sent you Rs 4124 for dinner.",ham,0
Your electricity bill of Rs 1755 is due on 15 Sep. Pay via official app.,ham,0
Get instant loan Rs 500 without documents. Apply tinyurl.com/claim-cash,spam,1
Scan this QR to receive your Rs 500 reward,spam,0
Your order has been shipped. Delivery by 12 Sep.,ham,0
Reminder: your mobile recharge expires on 15 Sep.,ham,0
"Hey Amit, sent you Rs 2394 for dinner.",ham,0
Refund of Rs 10000 pending. Approve the collect request to receive it,spam,0
Your UPI payment of Rs 1200 to Neha is successful. Ref 380951975,ham,0
110735 is your OTP. Do not share it with anyone.,ham,0
Class rescheduled to 5 PM tomorrow.,ham,0
Reminder: your mobile recharge expires on 12 Sep.,ham,0
Your order has been shipped. Delivery by 25 Sep.,ham,0
Scan this QR to receive your Rs 5000 reward,spam,0
Your electricity bill of Rs 758 is due on 20 Sep. Pay via official app.,ham,0
Your electricity bill of Rs 2346 is due on 15 Sep. Pay via official app.,ham,0
"Hi Rahul, are we meeting at 5 PM?",ham,0
Your order has been shipped. Delivery by 20 Sep.,ham,0
"Hey Anjali, sent you Rs 2668 for dinner.",ham,0
Your electricity bill of Rs 3932 is due on 15 Sep. Pay via official app.,ham,0
Your order has been shipped. Delivery by 20 Sep.,ham,0
"Electricity bill unpaid, power cut tonight. Call or pay at tinyurl.com/claim-cash",spam,1
Class rescheduled to noon tomorrow.,ham,0
Rs 2576 credited to your account from Anjali. UPI Ref 747038011,ham,0
"Hi Priya, are we meeting at noon?",ham,0
Class rescheduled to 5 PM tomorrow.,ham,0
Your electricity bill of Rs 223 is due on 20 Sep. Pay via official app.,ham,0
263391 is your OTP. Do not share it with anyone.,ham,0
Rs 1547 credited to your account from Neha. UPI Ref 331088622,ham,0
Reminder: your mobile recharge expires on 15 Sep.,ham,0
862569 is your OTP. Do not share it with anyone.,ham,0
You have won a lucky draw of Rs 50000! Pay Rs 99 fee at sbi-secure@verify.info/kyc,spam,1
Your UPI payment of Rs 522 to Anjali is successful. Ref 790951344,ham,0
Rs 2796 credited to your account from Priya. UPI Ref 586930244,ham,0
Your order has been shipped. Delivery by 15 Sep.,ham,0
Rs 3433 credited to your account from Sneha. UPI Ref 314764651,ham,0
Your KYC is expired. Update at bit.ly/3xKyc9 or account will be blocked today,spam,1
Congrats! You won cashback Rs 5000. Claim now cutt.ly/upiBlock,spam,1
Your order has been shipped. Delivery by 20 Sep.,ham,0
448591 is your OTP. Do not share it with anyone.,ham,0
Class rescheduled to 10 AM tomorrow.,ham,0
Rs 381 credited to your account from Priya. UPI Ref 914010081,ham,0
382136 is your OTP. Do not share it with anyone.,ham,0
You have won a lucky draw of Rs 50000! Pay Rs 99 fee at paytm-reward.top/win,spam,1
Thanks for the payment of Rs 4518. See you tomorrow!,ham,0
Get instant loan Rs 10000 without documents. Apply upi-kyc-update.xyz/login,spam,1
"Hi Ravi, are we meeting at 5 PM?",ham,0
Earn Rs 500 per day working from home. Join now cutt.ly/upiBlock,spam,1
Thanks for the payment of Rs 1253. See you tomorrow!,ham,0
You have won a lucky draw of Rs 5000! Pay Rs 99 fee at paytm-reward.top/win,spam,1
"Hi Amit, are we meeting at noon?",ham,0
Thanks for the payment of Rs 3205. See you tomorrow!,ham,0
Reminder: your mobile recharge expires on 25 Sep.,ham,0
"Hey Ravi, sent you Rs 4647 for dinner.",ham,0
Your KYC is expired. Update at tinyurl.com/claim-cash or account will be blocked today,spam,1
"Hi Sneha, are we meeting at 6:30 PM?",ham,0
Your electricity bill of Rs 280 is due on 20 Sep. Pay via official app.,ham,0
"Dear customer your UPI is blocked, click paytm-reward.top/win to reactivate",spam,1
Your KYC is expired. Update at tinyurl.com/claim-cash or account will be blocked today,spam,1
"Electricity bill unpaid, power cut tonight. Call or pay at cutt.ly/upiBlock",spam,1
Reminder: your mobile recharge expires on 12 Sep.,ham,0
Reminder: your mobile recharge expires on 12 Sep.,ham,0
791126 is your OTP. Do not share it with anyone.,ham,0
Rs 1378 credited to your account from Karan. UPI Ref 468090290,ham,0
"Hey Neha, sent you Rs 303 for dinner.",ham,0
Your electricity bill of Rs 1498 is due on 12 Sep. Pay via official app.,ham,0
"Hey Neha, sent you Rs 3984 for dinner.",ham,0
Rs 4698 credited to your account from Neha. UPI Ref 558090522,ham,0
Your UPI payment of Rs 2412 to Amit is successful. Ref 654380021,ham,0
Thanks for the payment of Rs 2327. See you tomorrow!,ham,0
"Electricity bill unpaid, power cut tonight. Call or pay at upi-kyc-update.xyz/login",spam,1
Your order has been shipped. Delivery by 12 Sep.,ham,0
216709 is your OTP. Do not share it with anyone.,ham,0
You have won a lucky draw of Rs 10000! Pay Rs 99 fee at sbi-secure@verify.info/kyc,spam,1
Rs 4295 credited to your account from Neha. UPI Ref 717894876,ham,0
Rs 192 credited to your account from Amit. UPI Ref 469668167,ham,0
Your UPI payment of Rs 2437 to Karan is successful. Ref 930182944,ham,0
"Hey Sneha, sent you Rs 4163 for dinner.",ham,0
Your electricity bill of Rs 3413 is due on 25 Sep. Pay via official app.,ham,0
"Electricity bill unpaid, power cut tonight. Call or pay at sbi-secure@verify.info/kyc",spam,1
Rs 4197 credited to your account from Karan. UPI Ref 568913872,ham,0
Your order has been shipped. Delivery by 25 Sep.,ham,0
"Dear customer your UPI is blocked, click cutt.ly/upiBlock to reactivate",spam,1
Congrats! You won cashback Rs 5000. Claim now bit.ly/3xKyc9,spam,1
Your electricity bill of Rs 802 is due on 25 Sep. Pay via official app.,ham,0
"Dear customer your UPI is blocked, click paytm-reward.top/win to reactivate",spam,1
Rs 1984 credited to your account from Priya. UPI Ref 520804434,ham,0
Your UPI payment of Rs 4488 to Rahul is successful. Ref 228216828,ham,0
Rs 1643 credited to your account from Priya. UPI Ref 134225057,ham,0
Your electricity bill of Rs 2642 is due on 25 Sep. Pay via official app.,ham,0
730720 is your OTP. Do not share it with anyone.,ham,0
Your order has been shipped. Delivery by 15 Sep.,ham,0
Congrats! You won cashback Rs 10000. Claim now bit.ly/3xKyc9,spam,1
"Hi Priya, are we meeting at noon?",ham,0
334783 is your OTP. Do not share it with anyone.,ham,0
705670 is your OTP. Do not share it with anyone.,ham,0
Thanks for the payment of Rs 4338. See you tomorrow!,ham,0
Refund of Rs 500 pending. Approve the collect request to receive it,spam,0
Reminder: your mobile recharge expires on 15 Sep.,ham,0
You have won a lucky draw of Rs 50000! Pay Rs 99 fee at sbi-secure@verify.info/kyc,spam,1
Your UPI payment of Rs 2028 to Karan is successful. Ref 760493123,ham,0
136135 is your OTP. Do not share it with anyone.,ham,0
Get instant loan Rs 10000 without documents. Apply sbi-secure@verify.info/kyc,spam,1
Get instant loan Rs 5000 without documents. Apply bit.ly/3xKyc9,spam,1
Rs 1783 credited to your account from Anjali. UPI Ref 642482418,ham,0
Your UPI payment of Rs 2921 to Ravi is successful. Ref 104155677,ham,0
Class rescheduled to 6:30 PM tomorrow.,ham,0
"Dear customer your UPI is blocked, click cutt.ly/upiBlock to reactivate",spam,1
URGENT: Your bank account will be suspended. Verify at bit.ly/3xKyc9,spam,1
Your order has been shipped. Delivery by 12 Sep.,ham,0
337720 is your OTP. Do not share it with anyone.,ham,0
Class rescheduled to noon tomorrow.,ham,0
"Electricity bill unpaid, power cut tonight. Call or pay at tinyurl.com/claim-cash",spam,1
Your electricity bill of Rs 3787 is due on 25 Sep. Pay via official app.,ham,0
"Hi Karan, are we meeting at 6:30 PM?",ham,0
Your UPI payment of Rs 572 to Sneha is successful. Ref 259229539,ham,0
Reminder: your mobile recharge expires on 12 Sep.,ham,0
Rs 749 credited to your account from Ravi. UPI Ref 306919059,ham,0
Rs 1989 credited to your account from Ravi. UPI Ref 146405084,ham,0
Rs 689 credited to your account from Priya. UPI Ref 872619630,ham,0
"Hey Sneha, sent you Rs 2922 for dinner.",ham,0
Rs 3811 credited to your account from Rahul. UPI Ref 251246677,ham,0
Congrats! You won cashback Rs 10000. Claim now sbi-secure@verify.info/kyc,spam,1
Earn Rs 500 per day working from home. Join now paytm-reward.top/win,spam,1
Your UPI payment of Rs 3535 to Sneha is successful. Ref 539139634,ham,0
Your electricity bill of Rs 2485 is due on 15 Sep. Pay via official app.,ham,0
Your UPI payment of Rs 760 to Anjali is successful. Ref 714183577,ham,0
Get instant loan Rs 10000 without documents. Apply upi-kyc-update.xyz/login,spam,1
Your electricity bill of Rs 713 is due on 20 Sep. Pay via official app.,ham,0
Congrats! You won cashback Rs 10000. Claim now upi-kyc-update.xyz/login,spam,1
"Hey Rahul, sent you Rs 1391 for dinner.",ham,0
"Hey Anjali, sent you Rs 3687 for dinner.",ham,0
Your UPI payment of Rs 1081 to Karan is successful. Ref 386938752,ham,0
Class rescheduled to 6:30 PM tomorrow.,ham,0
Your electricity bill of Rs 4258 is due on 25 Sep. Pay via official app.,ham,0
Your UPI payment of Rs 583 to Rahul is successful. Ref 443999115,ham,0
Thanks for the payment of Rs 4330. See you tomorrow!,ham,0
Reminder: your mobile recharge expires on 20 Sep.,ham,0
Your electricity bill of Rs 958 is due on 25 Sep. Pay via official app.,ham,0
Thanks for the payment of Rs 4001. See you tomorrow!,ham,0
Your UPI payment of Rs 4199 to Karan is successful. Ref 617484828,ham,0
Rs 2363 credited to your account from Rahul. UPI Ref 715355391,ham,0
Thanks for the payment of Rs 2990. See you tomorrow!,ham,0
Reminder: your mobile recharge expires on 20 Sep.,ham,0
Your order has been shipped. Delivery by 20 Sep.,ham,0
"Dear customer your UPI is blocked, click sbi-secure@verify.info/kyc to reactivate",spam,1
"Hi Priya, are we meeting at 6:30 PM?",ham,0
Earn Rs 500 per day working from home. Join now cutt.ly/upiBlock,spam,1
Earn Rs 10000 per day working from home. Join now cutt.ly/upiBlock,spam,1
Your order has been shipped. Delivery by 12 Sep.,ham,0
556088 is your OTP. Do not share it with anyone.,ham,0
Rs 2491 credited to your account from Karan. UPI Ref 739481367,ham,0
URGENT: Your bank account will be suspended. Verify at upi-kyc-update.xyz/login,spam,1
Your KYC is expired. Update at bit.ly/3xKyc9 or account will be blocked today,spam,1
"Hey Rahul, sent you Rs 3946 for dinner.",ham,0
Your electricity bill of Rs 2783 is due on 12 Sep. Pay via official app.,ham,0
Your UPI payment of Rs 1938 to Sneha is successful. Ref 159088725,ham,0
Your electricity bill of Rs 294 is due on 25 Sep. Pay via official app.,ham,0
"Hi Priya, are we meeting at 10 AM?",ham,0
"Electricity bill unpaid, power cut tonight. Call or pay at tinyurl.com/claim-cash",spam,1
URGENT: Your bank account will be suspended. Verify at upi-kyc-update.xyz/login,spam,1
Earn Rs 50000 per day working from home. Join now paytm-reward.top/win,spam,1
You have won a lucky draw of Rs 10000! Pay Rs 99 fee at tinyurl.com/claim-cash,spam,1
Earn Rs 1000 per day working from home. Join now sbi-secure@verify.info/kyc,spam,1
Thanks for the payment of Rs 522. See you tomorrow!,ham,0
Reminder: your mobile recharge expires on 15 Sep.,ham,0
Scan this QR to receive your Rs 10000 reward,spam,0
Your order has been shipped. Delivery by 12 Sep.,ham,0
Reminder: your mobile recharge expires on 20 Sep.,ham,0
"Electricity bill unpaid, power cut tonight. Call or pay at cutt.ly/upiBlock",spam,1
"Hi Priya, are we meeting at 5 PM?",ham,0
Scan this QR to receive your Rs 500 reward,spam,0
Your electricity bill of Rs 2691 is due on 12 Sep. Pay via official app.,ham,0
"Hey Sneha, sent you Rs 3975 for dinner.",ham,0
"Hi Priya, are we meeting at noon?",ham,0
"Hey Sneha, sent you Rs 1469 for dinner.",ham,0
Your UPI payment of Rs 275 to Amit is successful. Ref 461685114,ham,0
Class rescheduled to 6:30 PM tomorrow.,ham,0
"Hi Ravi, are we meeting at 5 PM?",ham,0
Your electricity bill of Rs 354 is due on 25 Sep. Pay via official app.,ham,0
"Hi Priya, are we meeting at 6:30 PM?",ham,0
Your electricity bill of Rs 4916 is due on 25 Sep. Pay via official app.,ham,0
Get instant loan Rs 500 without documents. Apply sbi-secure@verify.info/kyc,spam,1
Your electricity bill of Rs 3701 is due on 20 Sep. Pay via official app.,ham,0
"Electricity bill unpaid, power cut tonight. Call or pay at sbi-secure@verify.info/kyc",spam,1
Your UPI payment of Rs 3809 to Amit is successful. Ref 831893944,ham,0
"Hey Neha, sent you Rs 1867 for dinner.",ham,0
Class rescheduled to 10 AM tomorrow.,ham,0
Scan this QR to receive your Rs 5000 reward,spam,0
You have won a lucky draw of Rs 1000! Pay Rs 99 fee at upi-kyc-update.xyz/login,spam,1
Your UPI payment of Rs 4299 to Sneha is successful. Ref 104520083,ham,0
Your electricity bill of Rs 4409 is due on 20 Sep. Pay via official app.,ham,0
Thanks for the payment of Rs 2900. See you tomorrow!,ham,0
Your KYC is expired. Update at sbi-secure@verify.info/kyc or account will be blocked today,spam,1
Scan this QR to receive your Rs 500 reward,spam,0
Reminder: your mobile recharge expires on 12 Sep.,ham,0
Your electricity bill of Rs 4777 is due on 25 Sep. Pay via official app.,ham,0
You have won a lucky draw of Rs 1000! Pay Rs 99 fee at paytm-reward.top/win,spam,1
Class rescheduled to 6:30 PM tomorrow.,ham,0
Reminder: your mobile recharge expires on 25 Sep.,ham,0
Reminder: your mobile recharge expires on 25 Sep.,ham,0
"Hey Ravi, sent you Rs 566 for dinner.",ham,0
Thanks for the payment of Rs 73. See you tomorrow!,ham,0
Thanks for the payment of Rs 4756. See you tomorrow!,ham,0
Class rescheduled to noon tomorrow.,ham,0
Congrats! You won cashback Rs 5000. Claim now tinyurl.com/claim-cash,spam,1
Your electricity bill of Rs 3683 is due on 25 Sep. Pay via official app.,ham,0
Class rescheduled to 10 AM tomorrow.,ham,0
Your electricity bill of Rs 3983 is due on 15 Sep. Pay via official app.,ham,0
Congrats! You won cashback Rs 10000. Claim now tinyurl.com/claim-cash,spam,1
Reminder: your mobile recharge expires on 15 Sep.,ham,0
Reminder: your mobile recharge expires on 25 Sep.,ham,0
Your electricity bill of Rs 3512 is due on 15 Sep. Pay via official app.,ham,0
Your order has been shipped. Delivery by 25 Sep.,ham,0
Your UPI payment of Rs 3616 to Priya is successful. Ref 614592017,ham,0
"Hey Rahul, sent you Rs 4617 for dinner.",ham,0
Congrats! You won cashback Rs 1000. Claim now paytm-reward.top/win,spam,1
"Hi Amit, are we meeting at 5 PM?",ham,0
Refund of Rs 1000 pending. Approve the collect request to receive it,spam,0
"Hey Sneha, sent you Rs 3648 for dinner.",ham,0
Class rescheduled to 5 PM tomorrow.,ham,0
"Electricity bill unpaid, power cut tonight. Call or pay at cutt.ly/upiBlock",spam,1
Your order has been shipped. Delivery by 20 Sep.,ham,0
Reminder: your mobile recharge expires on 20 Sep.,ham,0
Your UPI payment of Rs 294 to Sneha is successful. Ref 385464406,ham,0
Class rescheduled to 5 PM tomorrow.,ham,0
391313 is your OTP. Do not share it with anyone.,ham,0
Class rescheduled to 6:30 PM tomorrow.,ham,0
Your KYC is expired. Update at upi-kyc-update.xyz/login or account will be blocked today,spam,1
"Dear customer your UPI is blocked, click sbi-secure@verify.info/kyc to reactivate",spam,1
Class rescheduled to 5 PM tomorrow.,ham,0
You have won a lucky draw of Rs 10000! Pay Rs 99 fee at sbi-secure@verify.info/kyc,spam,1
Reminder: your mobile recharge expires on 12 Sep.,ham,0
Your order has been shipped. Delivery by 15 Sep.,ham,0
Congrats! You won cashback Rs 1000. Claim now cutt.ly/upiBlock,spam,1
URGENT: Your bank account will be suspended. Verify at bit.ly/3xKyc9,spam,1
Your UPI payment of Rs 1575 to Anjali is successful. Ref 623744912,ham,0
Scan this QR to receive your Rs 500 reward,spam,0
Your order has been shipped. Delivery by 12 Sep.,ham,0
Thanks for the payment of Rs 4904. See you tomorrow!,ham,0
Class rescheduled to 6:30 PM tomorrow.,ham,0
Your electricity bill of Rs 1161 is due on 25 Sep. Pay via official app.,ham,0
733547 is your OTP. Do not share it with anyone.,ham,0
Congrats! You won cashback Rs 10000. Claim now sbi-secure@verify.info/kyc,spam,1
Your electricity bill of Rs 3887 is due on 25 Sep. Pay via official app.,ham,0
Class rescheduled to 6:30 PM tomorrow.,ham,0
Congrats! You won cashback Rs 10000. Claim now upi-kyc-update.xyz/login,spam,1
Earn Rs 5000 per day working from home. Join now sbi-secure@verify.info/kyc,spam,1
Your electricity bill of Rs 1986 is due on 20 Sep. Pay via official app.,ham,0
Earn Rs 10000 per day working from home. Join now paytm-reward.top/win,spam,1
"Hey Sneha, sent you Rs 1630 for dinner.",ham,0
"Electricity bill unpaid, power cut tonight. Call or pay at tinyurl.com/claim-cash",spam,1
Reminder: your mobile recharge expires on 12 Sep.,ham,0
Your KYC is expired. Update at bit.ly/3xKyc9 or account will be blocked today,spam,1
Thanks for the payment of Rs 2007. See you tomorrow!,ham,0
Class rescheduled to 5 PM tomorrow.,ham,0
340315 is your OTP. Do not share it with anyone.,ham,0
URGENT: Your bank account will be suspended. Verify at paytm-reward.top/win,spam,1
Reminder: your mobile recharge expires on 12 Sep.,ham,0
Refund of Rs 5000 pending. Approve the collect request to receive it,spam,0
"Dear customer your UPI is blocked, click cutt.ly/upiBlock to reactivate",spam,1
Rs 2884 credited to your account from Karan. UPI Ref 349331621,ham,0
Class rescheduled to 6:30 PM tomorrow.,ham,0
Earn Rs 10000 per day working from home. Join now upi-kyc-update.xyz/login,spam,1
Scan this QR to receive your Rs 1000 reward,spam,0
Thanks for the payment of Rs 4248. See you tomorrow!,ham,0
Earn Rs 50000 per day working from home. Join now tinyurl.com/claim-cash,spam,1
"Hi Sneha, are we meeting at noon?",ham,0
Your order has been shipped. Delivery by 15 Sep.,ham,0
Get instant loan Rs 50000 without documents. Apply upi-kyc-update.xyz/login,spam,1
544959 is your OTP. Do not share it with anyone.,ham,0
Refund of Rs 5000 pending. Approve the collect request to receive it,spam,0
Earn Rs 10000 per day working from home. Join now sbi-secure@verify.info/kyc,spam,1
Get instant loan Rs 50000 without documents. Apply upi-kyc-update.xyz/login,spam,1
"Hey Ravi, sent you Rs 2471 for dinner.",ham,0
Thanks for the payment of Rs 2792. See you tomorrow!,ham,0
URGENT: Your bank account will be suspended. Verify at sbi-secure@verify.info/kyc,spam,1
Rs 3699 credited to your account from Neha. UPI Ref 708655708,ham,0
Your electricity bill of Rs 3617 is due on 20 Sep. Pay via official app.,ham,0
605402 is your OTP. Do not share it with anyone.,ham,0
"Hi Rahul, are we meeting at 5 PM?",ham,0
"Hey Anjali, sent you Rs 4513 for dinner.",ham,0
URGENT: Your bank account will be suspended. Verify at sbi-secure@verify.info/kyc,spam,1
Thanks for the payment of Rs 4939. See you tomorrow!,ham,0
Congrats! You won cashback Rs 10000. Claim now paytm-reward.top/win,spam,1
Your UPI payment of Rs 4708 to Neha is successful. Ref 216844085,ham,0
Your order has been shipped. Delivery by 15 Sep.,ham,0
Your electricity bill of Rs 4125 is due on 20 Sep. Pay via official app.,ham,0
"Hey Karan, sent you Rs 3095 for dinner.",ham,0
Thanks for the payment of Rs 192. See you tomorrow!,ham,0
Congrats! You won cashback Rs 10000. Claim now bit.ly/3xKyc9,spam,1
Thanks for the payment of Rs 891. See you tomorrow!,ham,0
Rs 2419 credited to your account from Neha. UPI Ref 380777673,ham,0
You have won a lucky draw of Rs 50000! Pay Rs 99 fee at bit.ly/3xKyc9,spam,1
Your electricity bill of Rs 3152 is due on 12 Sep. Pay via official app.,ham,0
Congrats! You won cashback Rs 50000. Claim now bit.ly/3xKyc9,spam,1
Congrats! You won cashback Rs 1000. Claim now paytm-reward.top/win,spam,1
URGENT: Your bank account will be suspended. Verify at bit.ly/3xKyc9,spam,1
"Hey Ravi, sent you Rs 4308 for dinner.",ham,0
Your UPI payment of Rs 2881 to Priya is successful. Ref 409862324,ham,0
Get instant loan Rs 500 without documents. Apply cutt.ly/upiBlock,spam,1
Class rescheduled to 10 AM tomorrow.,ham,0
Class rescheduled to 6:30 PM tomorrow.,ham,0
907265 is your OTP. Do not share it with anyone.,ham,0
Thanks for the payment of Rs 740. See you tomorrow!,ham,0
Rs 1300 credited to your account from Rahul. UPI Ref 397431059,ham,0
Thanks for the payment of Rs 1170. See you tomorrow!,ham,0
Your KYC is expired. Update at paytm-reward.top/win or account will be blocked today,spam,1
"Hey Ravi, sent you Rs 174 for dinner.",ham,0
You have won a lucky draw of Rs 5000! Pay Rs 99 fee at upi-kyc-update.xyz/login,spam,1
Your KYC is expired. Update at paytm-reward.top/win or account will be blocked today,spam,1
Thanks for the payment of Rs 1897. See you tomorrow!,ham,0
URGENT: Your bank account will be suspended. Verify at paytm-reward.top/win,spam,1
Reminder: your mobile recharge expires on 25 Sep.,ham,0
Rs 2271 credited to your account from Karan. UPI Ref 339391575,ham,0
Your KYC is expired. Update at bit.ly/3xKyc9 or account will be blocked today,spam,1
Class rescheduled to 6:30 PM tomorrow.,ham,0
Reminder: your mobile recharge expires on 15 Sep.,ham,0
Refund of Rs 50000 pending. Approve the collect request to receive it,spam,0
"Hey Sneha, sent you Rs 3656 for dinner.",ham,0
Reminder: your mobile recharge expires on 25 Sep.,ham,0
744414 is your OTP. Do not share it with anyone.,ham,0
798613 is your OTP. Do not share it with anyone.,ham,0
Reminder: your mobile recharge expires on 15 Sep.,ham,0
"Hey Anjali, sent you Rs 662 for dinner.",ham,0
Class rescheduled to 6:30 PM tomorrow.,ham,0
"Hi Neha, are we meeting at 6:30 PM?",ham,0
Class rescheduled to noon tomorrow.,ham,0
"Hey Neha, sent you Rs 1638 for dinner.",ham,0
You have won a lucky draw of Rs 50000! Pay Rs 99 fee at paytm-reward.top/win,spam,1
"Hi Ravi, are we meeting at noon?",ham,0
"Hey Rahul, sent you Rs 1336 for dinner.",ham,0
Refund of Rs 1000 pending. Approve the collect request to receive it,spam,0
Thanks for the payment of Rs 3029. See you tomorrow!,ham,0
878582 is your OTP. Do not share it with anyone.,ham,0
"Hi Karan, are we meeting at 5 PM?",ham,0
Your order has been shipped. Delivery by 25 Sep.,ham,0
Rs 1156 credited to your account from Anjali. UPI Ref 240495387,ham,0
Thanks for the payment of Rs 1229. See you tomorrow!,ham,0
"Hi Anjali, are we meeting at noon?",ham,0
Class rescheduled to noon tomorrow.,ham,0
Congrats! You won cashback Rs 500. Claim now paytm-reward.top/win,spam,1
"Hi Neha, are we meeting at 10 AM?",ham,0
Class rescheduled to 10 AM tomorrow.,ham,0
Rs 1344 credited to your account from Priya. UPI Ref 817475662,ham,0
Earn Rs 10000 per day working from home. Join now tinyurl.com/claim-cash,spam,1
"Hey Rahul, sent you Rs 4419 for dinner.",ham,0
Your UPI payment of Rs 58 to Ravi is successful. Ref 508533125,ham,0
Thanks for the payment of Rs 977. See you tomorrow!,ham,0
"Hi Neha, are we meeting at 6:30 PM?",ham,0
Your UPI payment of Rs 4787 to Karan is successful. Ref 736366877,ham,0
"Hey Neha, sent you Rs 2680 for dinner.",ham,0
Congrats! You won cashback Rs 10000. Claim now cutt.ly/upiBlock,spam,1
"Dear customer your UPI is blocked, click paytm-reward.top/win to reactivate",spam,1
"Hi Amit, are we meeting at 10 AM?",ham,0
"Hi Karan, are we meeting at 10 AM?",ham,0
"Hey Sneha, sent you Rs 2239 for dinner.",ham,0
690368 is your OTP. Do not share it with anyone.,ham,0
Class rescheduled to noon tomorrow.,ham,0
"Hey Priya, sent you Rs 2208 for dinner.",ham,0
Your KYC is expired. Update at cutt.ly/upiBlock or account will be blocked today,spam,1
Your order has been shipped. Delivery by 20 Sep.,ham,0
Earn Rs 10000 per day working from home. Join now upi-kyc-update.xyz/login,spam,1
Get instant loan Rs 500 without documents. Apply bit.ly/3xKyc9,spam,1
Reminder: your mobile recharge expires on 15 Sep.,ham,0
"Hey Sneha, sent you Rs 4400 for dinner.",ham,0
Reminder: your mobile recharge expires on 15 Sep.,ham,0
Rs 4643 credited to your account from Sneha. UPI Ref 934088545,ham,0
"Dear customer your UPI is blocked, click sbi-secure@verify.info/kyc to reactivate",spam,1
URGENT: Your bank account will be suspended. Verify at bit.ly/3xKyc9,spam,1
Refund of Rs 500 pending. Approve the collect request to receive it,spam,0
Rs 2348 credited to your account from Neha. UPI Ref 132684381,ham,0
698584 is your OTP. Do not share it with anyone.,ham,0
Your order has been shipped. Delivery by 12 Sep.,ham,0
Rs 4269 credited to your account from Amit. UPI Ref 551523430,ham,0
"Hey Ravi, sent you Rs 3545 for dinner.",ham,0
You have won a lucky draw of Rs 500! Pay Rs 99 fee at paytm-reward.top/win,spam,1
Rs 3963 credited to your account from Anjali. UPI Ref 959597299,ham,0
Thanks for the payment of Rs 1461. See you tomorrow!,ham,0
Refund of Rs 10000 pending. Approve the collect request to receive it,spam,0
Rs 4451 credited to your account from Rahul. UPI Ref 166968534,ham,0
Reminder: your mobile recharge expires on 15 Sep.,ham,0
Your UPI payment of Rs 2475 to Neha is successful. Ref 914289883,ham,0
"Hey Rahul, sent you Rs 3340 for dinner.",ham,0
Your order has been shipped. Delivery by 12 Sep.,ham,0
"Electricity bill unpaid, power cut tonight. Call or pay at sbi-secure@verify.info/kyc",spam,1
147021 is your OTP. Do not share it with anyone.,ham,0
"Hey Karan, sent you Rs 121 for dinner.",ham,0
Your order has been shipped. Delivery by 12 Sep.,ham,0
Class rescheduled to noon tomorrow.,ham,0
Your UPI payment of Rs 3236 to Ravi is successful. Ref 379462956,ham,0
571544 is your OTP. Do not share it with anyone.,ham,0
Get instant loan Rs 500 without documents. Apply tinyurl.com/claim-cash,spam,1
Class rescheduled to 10 AM tomorrow.,ham,0
Your electricity bill of Rs 4010 is due on 15 Sep. Pay via official app.,ham,0
"Hey Anjali, sent you Rs 1452 for dinner.",ham,0
URGENT: Your bank account will be suspended. Verify at paytm-reward.top/win,spam,1
Your order has been shipped. Delivery by 12 Sep.,ham,0
You have won a lucky draw of Rs 5000! Pay Rs 99 fee at bit.ly/3xKyc9,spam,1
"Hey Rahul, sent you Rs 3048 for dinner.",ham,0
Rs 2108 credited to your account from Ravi. UPI Ref 553918779,ham,0
Class rescheduled to noon tomorrow.,ham,0
Your order has been shipped. Delivery by 12 Sep.,ham,0
Your UPI payment of Rs 3805 to Amit is successful. Ref 677041586,ham,0
Get instant loan Rs 5000 without documents. Apply paytm-reward.top/win,spam,1
Thanks for the payment of Rs 425. See you tomorrow!,ham,0
URGENT: Your bank account will be suspended. Verify at bit.ly/3xKyc9,spam,1
You have won a lucky draw of Rs 50000! Pay Rs 99 fee at bit.ly/3xKyc9,spam,1
You have won a lucky draw of Rs 50000! Pay Rs 99 fee at cutt.ly/upiBlock,spam,1
Your UPI payment of Rs 270 to Neha is successful. Ref 554587508,ham,0
Reminder: your mobile recharge expires on 12 Sep.,ham,0
Class rescheduled to 10 AM tomorrow.,ham,0
URGENT: Your bank account will be suspended. Verify at sbi-secure@verify.info/kyc,spam,1
URGENT: Your bank account will be suspended. Verify at tinyurl.com/claim-cash,spam,1
Your electricity bill of Rs 967 is due on 20 Sep. Pay via official app.,ham,0
Your UPI payment of Rs 1996 to Rahul is successful. Ref 806645817,ham,0
Your UPI payment of Rs 3099 to Karan is successful. Ref 174690491,ham,0
268673 is your OTP. Do not share it with anyone.,ham,0
Get instant loan Rs 500 without documents. Apply tinyurl.com/claim-cash,spam,1
Your electricity bill of Rs 2328 is due on 20 Sep. Pay via official app.,ham,0
Class rescheduled to 10 AM tomorrow.,ham,0
220584 is your OTP. Do not share it with anyone.,ham,0
Your order has been shipped. Delivery by 25 Sep.,ham,0
Refund of Rs 50000 pending. Approve the collect request to receive it,spam,0
Class rescheduled to 5 PM tomorrow.,ham,0
Your KYC is expired. Update at bit.ly/3xKyc9 or account will be blocked today,spam,1
Your UPI payment of Rs 2693 to Neha is successful. Ref 476484997,ham,0
Your electricity bill of Rs 119 is due on 20 Sep. Pay via official app.,ham,0
"Hey Anjali, sent you Rs 2806 for dinner.",ham,0
Your order has been shipped. Delivery by 20 Sep.,ham,0
453929 is your OTP. Do not share it with anyone.,ham,0
Your UPI payment of Rs 1447 to Ravi is successful. Ref 296890226,ham,0
Your order has been shipped. Delivery by 15 Sep.,ham,0
Get instant loan Rs 50000 without documents. Apply upi-kyc-update.xyz/login,spam,1
Congrats! You won cashback Rs 500. Claim now cutt.ly/upiBlock,spam,1
URGENT: Your bank account will be suspended. Verify at cutt.ly/upiBlock,spam,1
Your UPI payment of Rs 3428 to Neha is successful. Ref 366798059,ham,0
"Dear customer your UPI is blocked, click bit.ly/3xKyc9 to reactivate",spam,1
Your electricity bill of Rs 615 is due on 15 Sep. Pay via official app.,ham,0
"Hi Sneha, are we meeting at 5 PM?",ham,0
Your UPI payment of Rs 954 to Rahul is successful. Ref 523742437,ham,0
Scan this QR to receive your Rs 500 reward,spam,0
Earn Rs 10000 per day working from home. Join now cutt.ly/upiBlock,spam,1
"Hi Karan, are we meeting at noon?",ham,0
Your UPI payment of Rs 4295 to Priya is successful. Ref 223311397,ham,0
Your order has been shipped. Delivery by 15 Sep.,ham,0
Reminder: your mobile recharge expires on 25 Sep.,ham,0
"Dear customer your UPI is blocked, click cutt.ly/upiBlock to reactivate",spam,1
Your electricity bill of Rs 361 is due on 15 Sep. Pay via official app.,ham,0
Refund of Rs 1000 pending. Approve the collect request to receive it,spam,0
Rs 3335 credited to your account from Rahul. UPI Ref 339407324,ham,0
Your KYC is expired. Update at bit.ly/3xKyc9 or account will be blocked today,spam,1
URGENT: Your bank account will be suspended. Verify at cutt.ly/upiBlock,spam,1
"Hey Rahul, sent you Rs 3987 for dinner.",ham,0
"Dear customer your UPI is blocked, click upi-kyc-update.xyz/login to reactivate",spam,1
215759 is your OTP. Do not share it with anyone.,ham,0
Your order has been shipped. Delivery by 25 Sep.,ham,0
900290 is your OTP. Do not share it with anyone.,ham,0
"Dear customer your UPI is blocked, click cutt.ly/upiBlock to reactivate",spam,1
Rs 1616 credited to your account from Amit. UPI Ref 985413221,ham,0
URGENT: Your bank account will be suspended. Verify at bit.ly/3xKyc9,spam,1
"Hi Amit, are we meeting at 10 AM?",ham,0
Your KYC is expired. Update at upi-kyc-update.xyz/login or account will be blocked today,spam,1
Earn Rs 50000 per day working from home. Join now tinyurl.com/claim-cash,spam,1
Class rescheduled to 6:30 PM tomorrow.,ham,0
"Hi Priya, are we meeting at 5 PM?",ham,0
Thanks for the payment of Rs 2098. See you tomorrow!,ham,0
Your UPI payment of Rs 2758 to Ravi is successful. Ref 888979065,ham,0
Thanks for the payment of Rs 2481. See you tomorrow!,ham,0
Class rescheduled to 5 PM tomorrow.,ham,0
You have won a lucky draw of Rs 500! Pay Rs 99 fee at sbi-secure@verify.info/kyc,spam,1
"Hi Ravi, are we meeting at noon?",ham,0
Class rescheduled to 6:30 PM tomorrow.,ham,0
Reminder: your mobile recharge expires on 20 Sep.,ham,0
You have won a lucky draw of Rs 500! Pay Rs 99 fee at upi-kyc-update.xyz/login,spam,1
Your order has been shipped. Delivery by 12 Sep.,ham,0
Rs 771 credited to your account from Amit. UPI Ref 177498521,ham,0
URGENT: Your bank account will be suspended. Verify at cutt.ly/upiBlock,spam,1
851071 is your OTP. Do not share it with anyone.,ham,0
You have won a lucky draw of Rs 10000! Pay Rs 99 fee at upi-kyc-update.xyz/login,spam,1
Rs 188 credited to your account from Priya. UPI Ref 723103300,ham,0
Refund of Rs 10000 pending. Approve the collect request to receive it,spam,0
You have won a lucky draw of Rs 5000! Pay Rs 99 fee at paytm-reward.top/win,spam,1
Your UPI payment of Rs 3838 to Karan is successful. Ref 303452163,ham,0
Your KYC is expired. Update at upi-kyc-update.xyz/login or account will be blocked today,spam,1
981263 is your OTP. Do not share it with anyone.,ham,0
Your electricity bill of Rs 1696 is due on 25 Sep. Pay via official app.,ham,0
Your order has been shipped. Delivery by 20 Sep.,ham,0
Your UPI payment of Rs 2195 to Neha is successful. Ref 578617141,ham,0
"Dear customer your UPI is blocked, click upi-kyc-update.xyz/login to reactivate",spam,1
Your electricity bill of Rs 2887 is due on 15 Sep. Pay via official app.,ham,0
Thanks for the payment of Rs 3542. See you tomorrow!,ham,0
Congrats! You won cashback Rs 500. Claim now tinyurl.com/claim-cash,spam,1
"Hey Amit, sent you Rs 572 for dinner.",ham,0
Your order has been shipped. Delivery by 20 Sep.,ham,0
"Hi Karan, are we meeting at noon?",ham,0
URGENT: Your bank account will be suspended. Verify at upi-kyc-update.xyz/login,spam,1
Refund of Rs 5000 pending. Approve the collect request to receive it,spam,0
Thanks for the payment of Rs 1764. See you tomorrow!,ham,0
Thanks for the payment of Rs 2731. See you tomorrow!,ham,0
Your electricity bill of Rs 964 is due on 12 Sep. Pay via official app.,ham,0
"Hey Ravi, sent you Rs 1042 for dinner.",ham,0
Reminder: your mobile recharge expires on 20 Sep.,ham,0
Thanks for the payment of Rs 2904. See you tomorrow!,ham,0
You have won a lucky draw of Rs 10000! Pay Rs 99 fee at bit.ly/3xKyc9,spam,1
Your UPI payment of Rs 3699 to Karan is successful. Ref 762468961,ham,0
Reminder: your mobile recharge expires on 15 Sep.,ham,0
You have won a lucky draw of Rs 50000! Pay Rs 99 fee at bit.ly/3xKyc9,spam,1
Your electricity bill of Rs 4555 is due on 20 Sep. Pay via official app.,ham,0
Your KYC is expired. Update at cutt.ly/upiBlock or account will be blocked today,spam,1
Your order has been shipped. Delivery by 25 Sep.,ham,0
Your order has been shipped. Delivery by 15 Sep.,ham,0
995606 is your OTP. Do not share it with anyone.,ham,0
Thanks for the payment of Rs 4161. See you tomorrow!,ham,0
316847 is your OTP. Do not share it with anyone.,ham,0
You have won a lucky draw of Rs 10000! Pay Rs 99 fee at cutt.ly/upiBlock,spam,1
Reminder: your mobile recharge expires on 25 Sep.,ham,0
Your electricity bill of Rs 4840 is due on 15 Sep. Pay via official app.,ham,0
Your order has been shipped. Delivery by 15 Sep.,ham,0
Your UPI payment of Rs 4087 to Priya is successful. Ref 960388595,ham,0
"Dear customer your UPI is blocked, click cutt.ly/upiBlock to reactivate",spam,1
Class rescheduled to 10 AM tomorrow.,ham,0
Your order has been shipped. Delivery by 25 Sep.,ham,0
"Hi Neha, are we meeting at 5 PM?",ham,0
Earn Rs 50000 per day working from home. Join now sbi-secure@verify.info/kyc,spam,1
Scan this QR to receive your Rs 10000 reward,spam,0
Thanks for the payment of Rs 2276. See you tomorrow!,ham,0
"Dear customer your UPI is blocked, click sbi-secure@verify.info/kyc to reactivate",spam,1
Rs 3667 credited to your account from Sneha. UPI Ref 475258679,ham,0
Your electricity bill of Rs 389 is due on 20 Sep. Pay via official app.,ham,0
"Hi Rahul, are we meeting at 6:30 PM?",ham,0
Reminder: your mobile recharge expires on 20 Sep.,ham,0
Refund of Rs 50000 pending. Approve the collect request to receive it,spam,0
Your UPI payment of Rs 1134 to Priya is successful. Ref 637535174,ham,0
Your electricity bill of Rs 3781 is due on 25 Sep. Pay via official app.,ham,0
Reminder: your mobile recharge expires on 12 Sep.,ham,0
Thanks for the payment of Rs 3592. See you tomorrow!,ham,0
URGENT: Your bank account will be suspended. Verify at tinyurl.com/claim-cash,spam,1
Get instant loan Rs 5000 without documents. Apply paytm-reward.top/win,spam,1
URGENT: Your bank account will be suspended. Verify at cutt.ly/upiBlock,spam,1
Rs 2266 credited to your account from Priya. UPI Ref 774883618,ham,0
Your UPI payment of Rs 1023 to Priya is successful. Ref 667251033,ham,0
"Hey Amit, sent you Rs 2307 for dinner.",ham,0
Scan this QR to receive your Rs 50000 reward,spam,0
"Hey Ravi, sent you Rs 3626 for dinner.",ham,0
URGENT: Your bank account will be suspended. Verify at tinyurl.com/claim-cash,spam,1
"Hi Neha, are we meeting at 10 AM?",ham,0
URGENT: Your bank account will be suspended. Verify at cutt.ly/upiBlock,spam,1
Reminder: your mobile recharge expires on 25 Sep.,ham,0
Thanks for the payment of Rs 810. See you tomorrow!,ham,0
You have won a lucky draw of Rs 1000! Pay Rs 99 fee at sbi-secure@verify.info/kyc,spam,1
"Hey Ravi, sent you Rs 3102 for dinner.",ham,0
You have won a lucky draw of Rs 10000! Pay Rs 99 fee at sbi-secure@verify.info/kyc,spam,1
415350 is your OTP. Do not share it with anyone.,ham,0
"Electricity bill unpaid, power cut tonight. Call or pay at cutt.ly/upiBlock",spam,1
Rs 2526 credited to your account from Karan. UPI Ref 253280420,ham,0
"Hey Amit, sent you Rs 1801 for dinner.",ham,0
"Hey Amit, sent you Rs 1412 for dinner.",ham,0
Your UPI payment of Rs 735 to Anjali is successful. Ref 791875182,ham,0
Your KYC is expired. Update at sbi-secure@verify.info/kyc or account will be blocked today,spam,1
"Hi Sneha, are we meeting at noon?",ham,0
193445 is your OTP. Do not share it with anyone.,ham,0
Class rescheduled to 10 AM tomorrow.,ham,0
Your KYC is expired. Update at bit.ly/3xKyc9 or account will be blocked today,spam,1
You have won a lucky draw of Rs 50000! Pay Rs 99 fee at sbi-secure@verify.info/kyc,spam,1
Your UPI payment of Rs 4871 to Anjali is successful. Ref 190181181,ham,0
Thanks for the payment of Rs 346. See you tomorrow!,ham,0
Your electricity bill of Rs 46 is due on 15 Sep. Pay via official app.,ham,0
Earn Rs 1000 per day working from home. Join now bit.ly/3xKyc9,spam,1
Reminder: your mobile recharge expires on 15 Sep.,ham,0
Thanks for the payment of Rs 4302. See you tomorrow!,ham,0
Earn Rs 10000 per day working from home. Join now upi-kyc-update.xyz/login,spam,1
Earn Rs 500 per day working from home. Join now tinyurl.com/claim-cash,spam,1
"Hi Karan, are we meeting at noon?",ham,0
You have won a lucky draw of Rs 50000! Pay Rs 99 fee at tinyurl.com/claim-cash,spam,1
"Hey Ravi, sent you Rs 4226 for dinner.",ham,0
You have won a lucky draw of Rs 1000! Pay Rs 99 fee at upi-kyc-update.xyz/login,spam,1
"Hey Neha, sent you Rs 3134 for dinner.",ham,0
Earn Rs 5000 per day working from home. Join now cutt.ly/upiBlock,spam,1
Thanks for the payment of Rs 4378. See you tomorrow!,ham,0
Rs 2923 credited to your account from Amit. UPI Ref 539589490,ham,0
"Hi Amit, are we meeting at noon?",ham,0
Reminder: your mobile recharge expires on 12 Sep.,ham,0
Reminder: your mobile recharge expires on 20 Sep.,ham,0
Thanks for the payment of Rs 4642. See you tomorrow!,ham,0
407967 is your OTP. Do not share it with anyone.,ham,0
272281 is your OTP. Do not share it with anyone.,ham,0
"Dear customer your UPI is blocked, click tinyurl.com/claim-cash to reactivate",spam,1
Your order has been shipped. Delivery by 12 Sep.,ham,0
Class rescheduled to 10 AM tomorrow.,ham,0
Your UPI payment of Rs 750 to Rahul is successful. Ref 886925297,ham,0
Your KYC is expired. Update at paytm-reward.top/win or account will be blocked today,spam,1
Reminder: your mobile recharge expires on 25 Sep.,ham,0
"Hi Anjali, are we meeting at noon?",ham,0
Refund of Rs 1000 pending. Approve the collect request to receive it,spam,0
"Hey Amit, sent you Rs 1739 for dinner.",ham,0
Your order has been shipped. Delivery by 15 Sep.,ham,0
Class rescheduled to 5 PM tomorrow.,ham,0
Your order has been shipped. Delivery by 25 Sep.,ham,0
Reminder: your mobile recharge expires on 12 Sep.,ham,0
Your UPI payment of Rs 3141 to Neha is successful. Ref 130057282,ham,0
Reminder: your mobile recharge expires on 12 Sep.,ham,0
Your KYC is expired. Update at cutt.ly/upiBlock or account will be blocked today,spam,1
Thanks for the payment of Rs 3626. See you tomorrow!,ham,0
Rs 4401 credited to your account from Rahul. UPI Ref 805494971,ham,0
URGENT: Your bank account will be suspended. Verify at tinyurl.com/claim-cash,spam,1
Reminder: your mobile recharge expires on 20 Sep.,ham,0
Reminder: your mobile recharge expires on 15 Sep.,ham,0
Rs 2903 credited to your account from Sneha. UPI Ref 432433007,ham,0
"Hey Amit, sent you Rs 3435 for dinner.",ham,0
Congrats! You won cashback Rs 10000. Claim now paytm-reward.top/win,spam,1
Refund of Rs 1000 pending. Approve the collect request to receive it,spam,0
Scan this QR to receive your Rs 10000 reward,spam,0
Your electricity bill of Rs 1474 is due on 12 Sep. Pay via official app.,ham,0
Refund of Rs 10000 pending. Approve the collect request to receive it,spam,0
Earn Rs 5000 per day working from home. Join now bit.ly/3xKyc9,spam,1
Earn Rs 50000 per day working from home. Join now bit.ly/3xKyc9,spam,1
530919 is your OTP. Do not share it with anyone.,ham,0
Your KYC is expired. Update at tinyurl.com/claim-cash or account will be blocked today,spam,1
778953 is your OTP. Do not share it with anyone.,ham,0
"Hi Anjali, are we meeting at 5 PM?",ham,0
"Hi Sneha, are we meeting at 10 AM?",ham,0
Reminder: your mobile recharge expires on 20 Sep.,ham,0
Earn Rs 50000 per day working from home. Join now cutt.ly/upiBlock,spam,1
Reminder: your mobile recharge expires on 15 Sep.,ham,0
Get instant loan Rs 50000 without documents. Apply sbi-secure@verify.info/kyc,spam,1
"Hey Karan, sent you Rs 2221 for dinner.",ham,0
You have won a lucky draw of Rs 10000! Pay Rs 99 fee at upi-kyc-update.xyz/login,spam,1
"Hi Priya, are we meeting at noon?",ham,0
Your order has been shipped. Delivery by 15 Sep.,ham,0
Your order has been shipped. Delivery by 20 Sep.,ham,0
Your KYC is expired. Update at bit.ly/3xKyc9 or account will be blocked today,spam,1
839143 is your OTP. Do not share it with anyone.,ham,0
Refund of Rs 1000 pending. Approve the collect request to receive it,spam,0
You have won a lucky draw of Rs 50000! Pay Rs 99 fee at sbi-secure@verify.info/kyc,spam,1
833336 is your OTP. Do not share it with anyone.,ham,0
"Hey Sneha, sent you Rs 711 for dinner.",ham,0
Your UPI payment of Rs 726 to Priya is successful. Ref 908314193,ham,0
"Hey Karan, sent you Rs 3727 for dinner.",ham,0
Scan this QR to receive your Rs 50000 reward,spam,0
Rs 3478 credited to your account from Anjali. UPI Ref 106655730,ham,0
You have won a lucky draw of Rs 1000! Pay Rs 99 fee at tinyurl.com/claim-cash,spam,1
"Hey Sneha, sent you Rs 2102 for dinner.",ham,0
Thanks for the payment of Rs 442. See you tomorrow!,ham,0
URGENT: Your bank account will be suspended. Verify at cutt.ly/upiBlock,spam,1
Your order has been shipped. Delivery by 25 Sep.,ham,0
You have won a lucky draw of Rs 50000! Pay Rs 99 fee at tinyurl.com/claim-cash,spam,1
"Hi Anjali, are we meeting at noon?",ham,0
Your order has been shipped. Delivery by 12 Sep.,ham,0
"Dear customer your UPI is blocked, click paytm-reward.top/win to reactivate",spam,1
"Hi Ravi, are we meeting at 10 AM?",ham,0
486073 is your OTP. Do not share it with anyone.,ham,0
Your KYC is expired. Update at cutt.ly/upiBlock or account will be blocked today,spam,1
494845 is your OTP. Do not share it with anyone.,ham,0
170065 is your OTP. Do not share it with anyone.,ham,0
Reminder: your mobile recharge expires on 20 Sep.,ham,0
Your electricity bill of Rs 3772 is due on 15 Sep. Pay via official app.,ham,0
Rs 3965 credited to your account from Anjali. UPI Ref 858231417,ham,0
You have won a lucky draw of Rs 50000! Pay Rs 99 fee at bit.ly/3xKyc9,spam,1
Congrats! You won cashback Rs 50000. Claim now cutt.ly/upiBlock,spam,1
629107 is your OTP. Do not share it with anyone.,ham,0
Earn Rs 50000 per day working from home. Join now paytm-reward.top/win,spam,1
Rs 3699 credited to your account from Anjali. UPI Ref 457787686,ham,0
URGENT: Your bank account will be suspended. Verify at cutt.ly/upiBlock,spam,1
Class rescheduled to noon tomorrow.,ham,0
Your UPI payment of Rs 2907 to Ravi is successful. Ref 606791604,ham,0
Your order has been shipped. Delivery by 15 Sep.,ham,0
"Hey Sneha, sent you Rs 4694 for dinner.",ham,0
Scan this QR to receive your Rs 500 reward,spam,0
You have won a lucky draw of Rs 10000! Pay Rs 99 fee at upi-kyc-update.xyz/login,spam,1
Your UPI payment of Rs 2843 to Rahul is successful. Ref 258833247,ham,0
Class rescheduled to noon tomorrow.,ham,0
Class rescheduled to 6:30 PM tomorrow.,ham,0
"Hey Amit, sent you Rs 4992 for dinner.",ham,0
Earn Rs 10000 per day working from home. Join now upi-kyc-update.xyz/login,spam,1
616219 is your OTP. Do not share it with anyone.,ham,0
Your UPI payment of Rs 3967 to Neha is successful. Ref 809985150,ham,0
Congrats! You won cashback Rs 50000. Claim now paytm-reward.top/win,spam,1
Reminder: your mobile recharge expires on 12 Sep.,ham,0
You have won a lucky draw of Rs 5000! Pay Rs 99 fee at tinyurl.com/claim-cash,spam,1
Class rescheduled to noon tomorrow.,ham,0
Your KYC is expired. Update at tinyurl.com/claim-cash or account will be blocked today,spam,1
Reminder: your mobile recharge expires on 20 Sep.,ham,0
Your UPI payment of Rs 49 to Priya is successful. Ref 693521479,ham,0
Your UPI payment of Rs 4950 to Ravi is successful. Ref 916981295,ham,0
Get instant loan Rs 1000 without documents. Apply cutt.ly/upiBlock,spam,1
Your electricity bill of Rs 2764 is due on 20 Sep. Pay via official app.,ham,0
453757 is your OTP. Do not share it with anyone.,ham,0
958827 is your OTP. Do not share it with anyone.,ham,0
Your UPI payment of Rs 3648 to Sneha is successful. Ref 558509494,ham,0
Thanks for the payment of Rs 220. See you tomorrow!,ham,0
Your order has been shipped. Delivery by 12 Sep.,ham,0
Rs 4360 credited to your account from Neha. UPI Ref 651996198,ham,0
Rs 2995 credited to your account from Priya. UPI Ref 902133810,ham,0
848877 is your OTP. Do not share it with anyone.,ham,0
Reminder: your mobile recharge expires on 12 Sep.,ham,0
Your order has been shipped. Delivery by 15 Sep.,ham,0
Your KYC is expired. Update at bit.ly/3xKyc9 or account will be blocked today,spam,1
Your order has been shipped. Delivery by 12 Sep.,ham,0
Refund of Rs 50000 pending. Approve the collect request to receive it,spam,0
580453 is your OTP. Do not share it with anyone.,ham,0
611052 is your OTP. Do not share it with anyone.,ham,0
Scan this QR to receive your Rs 500 reward,spam,0
946146 is your OTP. Do not share it with anyone.,ham,0
Class rescheduled to noon tomorrow.,ham,0
Reminder: your mobile recharge expires on 25 Sep.,ham,0
Your UPI payment of Rs 4096 to Sneha is successful. Ref 263320732,ham,0
"Hi Amit, are we meeting at 10 AM?",ham,0
Your UPI payment of Rs 3538 to Priya is successful. Ref 326511513,ham,0
Thanks for the payment of Rs 370. See you tomorrow!,ham,0
"Hey Rahul, sent you Rs 2999 for dinner.",ham,0
Your UPI payment of Rs 3954 to Karan is successful. Ref 668270380,ham,0
"Hi Ravi, are we meeting at noon?",ham,0
URGENT: Your bank account will be suspended. Verify at sbi-secure@verify.info/kyc,spam,1
Your order has been shipped. Delivery by 15 Sep.,ham,0
Scan this QR to receive your Rs 1000 reward,spam,0
"Dear customer your UPI is blocked, click upi-kyc-update.xyz/login to reactivate",spam,1
"Electricity bill unpaid, power cut tonight. Call or pay at paytm-reward.top/win",spam,1
Your UPI payment of Rs 3943 to Priya is successful. Ref 427449685,ham,0
"Hey Ravi, sent you Rs 2986 for dinner.",ham,0
Class rescheduled to 10 AM tomorrow.,ham,0
Rs 3786 credited to your account from Rahul. UPI Ref 860791116,ham,0
Rs 688 credited to your account from Neha. UPI Ref 340888612,ham,0
Your UPI payment of Rs 308 to Amit is successful. Ref 240902083,ham,0
Thanks for the payment of Rs 4674. See you tomorrow!,ham,0
323403 is your OTP. Do not share it with anyone.,ham,0
186812 is your OTP. Do not share it with anyone.,ham,0
"Hi Sneha, are we meeting at 6:30 PM?",ham,0
Your order has been shipped. Delivery by 25 Sep.,ham,0
Thanks for the payment of Rs 975. See you tomorrow!,ham,0
Get instant loan Rs 10000 without documents. Apply upi-kyc-update.xyz/login,spam,1
Rs 777 credited to your account from Ravi. UPI Ref 977967433,ham,0
Your order has been shipped. Delivery by 20 Sep.,ham,0
Reminder: your mobile recharge expires on 12 Sep.,ham,0
"Hi Anjali, are we meeting at noon?",ham,0
Your order has been shipped. Delivery by 12 Sep.,ham,0
"Hey Anjali, sent you Rs 3842 for dinner.",ham,0
Class rescheduled to noon tomorrow.,ham,0
Class rescheduled to 5 PM tomorrow.,ham,0
Your order has been shipped. Delivery by 25 Sep.,ham,0
Your UPI payment of Rs 4860 to Priya is successful. Ref 180428839,ham,0
"Hi Sneha, are we meeting at 6:30 PM?",ham,0
"Dear customer your UPI is blocked, click sbi-secure@verify.info/kyc to reactivate",spam,1
Thanks for the payment of Rs 442. See you tomorrow!,ham,0
Reminder: your mobile recharge expires on 25 Sep.,ham,0
Your electricity bill of Rs 3711 is due on 20 Sep. Pay via official app.,ham,0
"Hi Priya, are we meeting at 6:30 PM?",ham,0
Thanks for the payment of Rs 4570. See you tomorrow!,ham,0
Congrats! You won cashback Rs 1000. Claim now tinyurl.com/claim-cash,spam,1
Your order has been shipped. Delivery by 12 Sep.,ham,0
Your UPI payment of Rs 2336 to Rahul is successful. Ref 280290210,ham,0
Your electricity bill of Rs 2753 is due on 12 Sep. Pay via official app.,ham,0
URGENT: Your bank account will be suspended. Verify at sbi-secure@verify.info/kyc,spam,1
Congrats! You won cashback Rs 5000. Claim now cutt.ly/upiBlock,spam,1
Thanks for the payment of Rs 128. See you tomorrow!,ham,0
334578 is your OTP. Do not share it with anyone.,ham,0
Class rescheduled to 6:30 PM tomorrow.,ham,0
Rs 2335 credited to your account from Karan. UPI Ref 906652174,ham,0
Earn Rs 1000 per day working from home. Join now paytm-reward.top/win,spam,1
Your order has been shipped. Delivery by 20 Sep.,ham,0
482150 is your OTP. Do not share it with anyone.,ham,0
Scan this QR to receive your Rs 500 reward,spam,0
Your order has been shipped. Delivery by 20 Sep.,ham,0
Class rescheduled to noon tomorrow.,ham,0
URGENT: Your bank account will be suspended. Verify at upi-kyc-update.xyz/login,spam,1
727557 is your OTP. Do not share it with anyone.,ham,0
605447 is your OTP. Do not share it with anyone.,ham,0
Get instant loan Rs 50000 without documents. Apply tinyurl.com/claim-cash,spam,1
347989 is your OTP. Do not share it with anyone.,ham,0
Get instant loan Rs 500 without documents. Apply sbi-secure@verify.info/kyc,spam,1
"Hi Karan, are we meeting at 5 PM?",ham,0
Get instant loan Rs 5000 without documents. Apply bit.ly/3xKyc9,spam,1
Your KYC is expired. Update at paytm-reward.top/win or account will be blocked today,spam,1
Thanks for the payment of Rs 3672. See you tomorrow!,ham,0
Class rescheduled to noon tomorrow.,ham,0
"Hey Rahul, sent you Rs 2331 for dinner.",ham,0
Reminder: your mobile recharge expires on 15 Sep.,ham,0
Your KYC is expired. Update at upi-kyc-update.xyz/login or account will be blocked today,spam,1
You have won a lucky draw of Rs 1000! Pay Rs 99 fee at bit.ly/3xKyc9,spam,1
Get instant loan Rs 5000 without documents. Apply upi-kyc-update.xyz/login,spam,1
Your order has been shipped. Delivery by 25 Sep.,ham,0
Your KYC is expired. Update at sbi-secure@verify.info/kyc or account will be blocked today,spam,1
Reminder: your mobile recharge expires on 20 Sep.,ham,0
Get instant loan Rs 10000 without documents. Apply upi-kyc-update.xyz/login,spam,1
"Hi Neha, are we meeting at 10 AM?",ham,0
708430 is your OTP. Do not share it with anyone.,ham,0
Class rescheduled to noon tomorrow.,ham,0
"Electricity bill unpaid, power cut tonight. Call or pay at upi-kyc-update.xyz/login",spam,1
"Electricity bill unpaid, power cut tonight. Call or pay at tinyurl.com/claim-cash",spam,1
Your UPI payment of Rs 179 to Amit is successful. Ref 621968422,ham,0
Reminder: your mobile recharge expires on 25 Sep.,ham,0
351523 is your OTP. Do not share it with anyone.,ham,0
Your electricity bill of Rs 3467 is due on 15 Sep. Pay via official app.,ham,0
Class rescheduled to 6:30 PM tomorrow.,ham,0
You have won a lucky draw of Rs 500! Pay Rs 99 fee at cutt.ly/upiBlock,spam,1
Thanks for the payment of Rs 4898. See you tomorrow!,ham,0
"Hey Priya, sent you Rs 2063 for dinner.",ham,0
Earn Rs 50000 per day working from home. Join now cutt.ly/upiBlock,spam,1
Refund of Rs 10000 pending. Approve the collect request to receive it,spam,0
Class rescheduled to 5 PM tomorrow.,ham,0
"Electricity bill unpaid, power cut tonight. Call or pay at cutt.ly/upiBlock",spam,1
Your KYC is expired. Update at cutt.ly/upiBlock or account will be blocked today,spam,1
Your UPI payment of Rs 2650 to Neha is successful. Ref 634537138,ham,0
Scan this QR to receive your Rs 1000 reward,spam,0
"Hey Priya, sent you Rs 1040 for dinner.",ham,0
You have won a lucky draw of Rs 10000! Pay Rs 99 fee at cutt.ly/upiBlock,spam,1
Your electricity bill of Rs 3595 is due on 12 Sep. Pay via official app.,ham,0
Your UPI payment of Rs 428 to Neha is successful. Ref 450905288,ham,0
"Hi Rahul, are we meeting at 5 PM?",ham,0
308202 is your OTP. Do not share it with anyone.,ham,0
Your UPI payment of Rs 2261 to Ravi is successful. Ref 977048294,ham,0
Get instant loan Rs 500 without documents. Apply paytm-reward.top/win,spam,1
Refund of Rs 10000 pending. Approve the collect request to receive it,spam,0
Earn Rs 10000 per day working from home. Join now tinyurl.com/claim-cash,spam,1
"Hey Anjali, sent you Rs 1303 for dinner.",ham,0
Rs 4058 credited to your account from Ravi. UPI Ref 595248015,ham,0
Class rescheduled to noon tomorrow.,ham,0
Your KYC is expired. Update at cutt.ly/upiBlock or account will be blocked today,spam,1
"Electricity bill unpaid, power cut tonight. Call or pay at upi-kyc-update.xyz/login",spam,1
Your KYC is expired. Update at paytm-reward.top/win or account will be blocked today,spam,1
"Electricity bill unpaid, power cut tonight. Call or pay at upi-kyc-update.xyz/login",spam,1
Your UPI payment of Rs 4874 to Amit is successful. Ref 595436385,ham,0
Get instant loan Rs 1000 without documents. Apply tinyurl.com/claim-cash,spam,1
283605 is your OTP. Do not share it with anyone.,ham,0
857195 is your OTP. Do not share it with anyone.,ham,0
890331 is your OTP. Do not share it with anyone.,ham,0
Your UPI payment of Rs 22 to Karan is successful. Ref 575333374,ham,0
Refund of Rs 5000 pending. Approve the collect request to receive it,spam,0
Class rescheduled to 5 PM tomorrow.,ham,0
"Dear customer your UPI is blocked, click cutt.ly/upiBlock to reactivate",spam,1
Reminder: your mobile recharge expires on 12 Sep.,ham,0
Get instant loan Rs 10000 without documents. Apply cutt.ly/upiBlock,spam,1
"Hi Rahul, are we meeting at 6:30 PM?",ham,0
Rs 1528 credited to your account from Karan. UPI Ref 575079907,ham,0
URGENT: Your bank account will be suspended. Verify at bit.ly/3xKyc9,spam,1
Thanks for the payment of Rs 1724. See you tomorrow!,ham,0
Get instant loan Rs 5000 without documents. Apply paytm-reward.top/win,spam,1
291588 is your OTP. Do not share it with anyone.,ham,0
Your electricity bill of Rs 2434 is due on 12 Sep. Pay via official app.,ham,0
Class rescheduled to 5 PM tomorrow.,ham,0
Reminder: your mobile recharge expires on 15 Sep.,ham,0
Class rescheduled to 6:30 PM tomorrow.,ham,0
Refund of Rs 500 pending. Approve the collect request to receive it,spam,0
Your KYC is expired. Update at tinyurl.com/claim-cash or account will be blocked today,spam,1
479626 is your OTP. Do not share it with anyone.,ham,0
"Hi Priya, are we meeting at 6:30 PM?",ham,0
Class rescheduled to noon tomorrow.,ham,0
Your electricity bill of Rs 877 is due on 25 Sep. Pay via official app.,ham,0
URGENT: Your bank account will be suspended. Verify at sbi-secure@verify.info/kyc,spam,1
Class rescheduled to 6:30 PM tomorrow.,ham,0
Your electricity bill of Rs 4630 is due on 20 Sep. Pay via official app.,ham,0
You have won a lucky draw of Rs 500! Pay Rs 99 fee at upi-kyc-update.xyz/login,spam,1
Your electricity bill of Rs 258 is due on 15 Sep. Pay via official app.,ham,0
"Hey Anjali, sent you Rs 3385 for dinner.",ham,0
"Hi Priya, are we meeting at 5 PM?",ham,0
Rs 2392 credited to your account from Anjali. UPI Ref 277061334,ham,0
Your order has been shipped. Delivery by 25 Sep.,ham,0
"Hi Neha, are we meeting at 10 AM?",ham,0
Scan this QR to receive your Rs 500 reward,spam,0
Earn Rs 500 per day working from home. Join now paytm-reward.top/win,spam,1
Thanks for the payment of Rs 1841. See you tomorrow!,ham,0
Refund of Rs 1000 pending. Approve the collect request to receive it,spam,0
Earn Rs 5000 per day working from home. Join now sbi-secure@verify.info/kyc,spam,1
Thanks for the payment of Rs 3290. See you tomorrow!,ham,0
Your KYC is expired. Update at tinyurl.com/claim-cash or account will be blocked today,spam,1
"Dear customer your UPI is blocked, click sbi-secure@verify.info/kyc to reactivate",spam,1
Class rescheduled to 5 PM tomorrow.,ham,0
Reminder: your mobile recharge expires on 15 Sep.,ham,0
Your UPI payment of Rs 964 to Ravi is successful. Ref 219818268,ham,0
Your UPI payment of Rs 4650 to Priya is successful. Ref 470936116,ham,0
"Hey Neha, sent you Rs 3515 for dinner.",ham,0
Your electricity bill of Rs 3889 is due on 15 Sep. Pay via official app.,ham,0
Thanks for the payment of Rs 3155. See you tomorrow!,ham,0
708606 is your OTP. Do not share it with anyone.,ham,0
Thanks for the payment of Rs 4219. See you tomorrow!,ham,0
URGENT: Your bank account will be suspended. Verify at paytm-reward.top/win,spam,1
Your electricity bill of Rs 2081 is due on 20 Sep. Pay via official app.,ham,0
Class rescheduled to 5 PM tomorrow.,ham,0
801468 is your OTP. Do not share it with anyone.,ham,0
Your KYC is expired. Update at upi-kyc-update.xyz/login or account will be blocked today,spam,1
Class rescheduled to 5 PM tomorrow.,ham,0
Your electricity bill of Rs 3590 is due on 12 Sep. Pay via official app.,ham,0
Scan this QR to receive your Rs 500 reward,spam,0
Your UPI payment of Rs 795 to Ravi is successful. Ref 238633995,ham,0
Your order has been shipped. Delivery by 15 Sep.,ham,0
Your order has been shipped. Delivery by 15 Sep.,ham,0
Reminder: your mobile recharge expires on 15 Sep.,ham,0
"Hey Amit, sent you Rs 4560 for dinner.",ham,0
Class rescheduled to 10 AM tomorrow.,ham,0
479605 is your OTP. Do not share it with anyone.,ham,0
780351 is your OTP. Do not share it with anyone.,ham,0
Your order has been shipped. Delivery by 20 Sep.,ham,0
Your electricity bill of Rs 796 is due on 25 Sep. Pay via official app.,ham,0
835325 is your OTP. Do not share it with anyone.,ham,0
Reminder: your mobile recharge expires on 20 Sep.,ham,0
"Hi Sneha, are we meeting at noon?",ham,0
You have won a lucky draw of Rs 500! Pay Rs 99 fee at cutt.ly/upiBlock,spam,1
"Dear customer your UPI is blocked, click sbi-secure@verify.info/kyc to reactivate",spam,1
Congrats! You won cashback Rs 5000. Claim now upi-kyc-update.xyz/login,spam,1
Scan this QR to receive your Rs 500 reward,spam,0
URGENT: Your bank account will be suspended. Verify at sbi-secure@verify.info/kyc,spam,1
Your KYC is expired. Update at paytm-reward.top/win or account will be blocked today,spam,1
Rs 1116 credited to your account from Amit. UPI Ref 582016801,ham,0
Your order has been shipped. Delivery by 12 Sep.,ham,0
Get instant loan Rs 50000 without documents. Apply bit.ly/3xKyc9,spam,1
"Hey Neha, sent you Rs 2761 for dinner.",ham,0
Class rescheduled to noon tomorrow.,ham,0
247023 is your OTP. Do not share it with anyone.,ham,0
"Hi Sneha, are we meeting at 6:30 PM?",ham,0
Thanks for the payment of Rs 274. See you tomorrow!,ham,0
"Hi Sneha, are we meeting at 5 PM?",ham,0
Refund of Rs 500 pending. Approve the collect request to receive it,spam,0
Class rescheduled to noon tomorrow.,ham,0
Your electricity bill of Rs 3755 is due on 20 Sep. Pay via official app.,ham,0
"Hi Sneha, are we meeting at 10 AM?",ham,0
Rs 4083 credited to your account from Anjali. UPI Ref 254220848,ham,0
You have won a lucky draw of Rs 500! Pay Rs 99 fee at sbi-secure@verify.info/kyc,spam,1
Rs 1122 credited to your account from Karan. UPI Ref 893890702,ham,0
Scan this QR to receive your Rs 50000 reward,spam,0
912626 is your OTP. Do not share it with anyone.,ham,0
"Electricity bill unpaid, power cut tonight. Call or pay at tinyurl.com/claim-cash",spam,1
Scan this QR to receive your Rs 10000 reward,spam,0
Reminder: your mobile recharge expires on 15 Sep.,ham,0
Congrats! You won cashback Rs 50000. Claim now tinyurl.com/claim-cash,spam,1
Your KYC is expired. Update at paytm-reward.top/win or account will be blocked today,spam,1
Get instant loan Rs 50000 without documents. Apply bit.ly/3xKyc9,spam,1
Your electricity bill of Rs 1182 is due on 20 Sep. Pay via official app.,ham,0
Reminder: your mobile recharge expires on 15 Sep.,ham,0
Your UPI payment of Rs 647 to Neha is successful. Ref 886776741,ham,0
Your electricity bill of Rs 257 is due on 25 Sep. Pay via official app.,ham,0
"Hey Karan, sent you Rs 1390 for dinner.",ham,0
Refund of Rs 10000 pending. Approve the collect request to receive it,spam,0
"Hi Neha, are we meeting at noon?",ham,0
Get instant loan Rs 10000 without documents. Apply bit.ly/3xKyc9,spam,1
Reminder: your mobile recharge expires on 15 Sep.,ham,0
Your KYC is expired. Update at upi-kyc-update.xyz/login or account will be blocked today,spam,1
695460 is your OTP. Do not share it with anyone.,ham,0
Rs 1229 credited to your account from Anjali. UPI Ref 622642270,ham,0
Scan this QR to receive your Rs 50000 reward,spam,0
Your electricity bill of Rs 4561 is due on 15 Sep. Pay via official app.,ham,0
Congrats! You won cashback Rs 500. Claim now sbi-secure@verify.info/kyc,spam,1
Reminder: your mobile recharge expires on 12 Sep.,ham,0
Congrats! You won cashback Rs 5000. Claim now upi-kyc-update.xyz/login,spam,1
871181 is your OTP. Do not share it with anyone.,ham,0
"Dear customer your UPI is blocked, click tinyurl.com/claim-cash to reactivate",spam,1
Earn Rs 50000 per day working from home. Join now bit.ly/3xKyc9,spam,1
"Hey Rahul, sent you Rs 3095 for dinner.",ham,0
"Hi Priya, are we meeting at 5 PM?",ham,0
Reminder: your mobile recharge expires on 25 Sep.,ham,0
Get instant loan Rs 5000 without documents. Apply sbi-secure@verify.info/kyc,spam,1
Refund of Rs 10000 pending. Approve the collect request to receive it,spam,0
Thanks for the payment of Rs 3879. See you tomorrow!,ham,0
Class rescheduled to noon tomorrow.,ham,0
You have won a lucky draw of Rs 1000! Pay Rs 99 fee at tinyurl.com/claim-cash,spam,1
"Hi Priya, are we meeting at 5 PM?",ham,0
Your KYC is expired. Update at sbi-secure@verify.info/kyc or account will be blocked today,spam,1
Reminder: your mobile recharge expires on 20 Sep.,ham,0
"Hey Sneha, sent you Rs 3931 for dinner.",ham,0
"Dear customer your UPI is blocked, click upi-kyc-update.xyz/login to reactivate",spam,1
Refund of Rs 1000 pending. Approve the collect request to receive it,spam,0
"Hey Karan, sent you Rs 164 for dinner.",ham,0
Rs 3906 credited to your account from Sneha. UPI Ref 181447288,ham,0
"Hey Rahul, sent you Rs 4600 for dinner.",ham,0
Refund of Rs 10000 pending. Approve the collect request to receive it,spam,0
798038 is your OTP. Do not share it with anyone.,ham,0
693851 is your OTP. Do not share it with anyone.,ham,0
Class rescheduled to 5 PM tomorrow.,ham,0
Your UPI payment of Rs 3149 to Amit is successful. Ref 310285132,ham,0
"Dear customer your UPI is blocked, click sbi-secure@verify.info/kyc to reactivate",spam,1
Your order has been shipped. Delivery by 12 Sep.,ham,0
234781 is your OTP. Do not share it with anyone.,ham,0
Your KYC is expired. Update at paytm-reward.top/win or account will be blocked today,spam,1
Reminder: your mobile recharge expires on 20 Sep.,ham,0
"Hi Ravi, are we meeting at noon?",ham,0
Your KYC is expired. Update at upi-kyc-update.xyz/login or account will be blocked today,spam,1
Class rescheduled to 10 AM tomorrow.,ham,0
Class rescheduled to 10 AM tomorrow.,ham,0
URGENT: Your bank account will be suspended. Verify at cutt.ly/upiBlock,spam,1
"Hi Amit, are we meeting at noon?",ham,0
Earn Rs 1000 per day working from home. Join now bit.ly/3xKyc9,spam,1
Congrats! You won cashback Rs 5000. Claim now paytm-reward.top/win,spam,1
904142 is your OTP. Do not share it with anyone.,ham,0
Your order has been shipped. Delivery by 15 Sep.,ham,0
Earn Rs 1000 per day working from home. Join now paytm-reward.top/win,spam,1
Your KYC is expired. Update at sbi-secure@verify.info/kyc or account will be blocked today,spam,1
Rs 4927 credited to your account from Sneha. UPI Ref 780431271,ham,0
Your UPI payment of Rs 1797 to Anjali is successful. Ref 606700251,ham,0
"Electricity bill unpaid, power cut tonight. Call or pay at cutt.ly/upiBlock",spam,1
Your electricity bill of Rs 1933 is due on 15 Sep. Pay via official app.,ham,0
Your UPI payment of Rs 1338 to Karan is successful. Ref 193196281,ham,0
Reminder: your mobile recharge expires on 25 Sep.,ham,0
You have won a lucky draw of Rs 10000! Pay Rs 99 fee at cutt.ly/upiBlock,spam,1
Congrats! You won cashback Rs 50000. Claim now upi-kyc-update.xyz/login,spam,1
Class rescheduled to 10 AM tomorrow.,ham,0
You have won a lucky draw of Rs 500! Pay Rs 99 fee at tinyurl.com/claim-cash,spam,1
Get instant loan Rs 10000 without documents. Apply bit.ly/3xKyc9,spam,1
URGENT: Your bank account will be suspended. Verify at upi-kyc-update.xyz/login,spam,1
Your UPI payment of Rs 2576 to Sneha is successful. Ref 290974570,ham,0
Scan this QR to receive your Rs 10000 reward,spam,0
Thanks for the payment of Rs 703. See you tomorrow!,ham,0
Reminder: your mobile recharge expires on 25 Sep.,ham,0
"Hey Sneha, sent you Rs 4246 for dinner.",ham,0
Reminder: your mobile recharge expires on 15 Sep.,ham,0
Your electricity bill of Rs 514 is due on 12 Sep. Pay via official app.,ham,0
You have won a lucky draw of Rs 50000! Pay Rs 99 fee at bit.ly/3xKyc9,spam,1
Rs 742 credited to your account from Ravi. UPI Ref 357803002,ham,0
Your KYC is expired. Update at cutt.ly/upiBlock or account will be blocked today,spam,1
Rs 4308 credited to your account from Karan. UPI Ref 740015595,ham,0
Earn Rs 1000 per day working from home. Join now bit.ly/3xKyc9,spam,1
Get instant loan Rs 10000 without documents. Apply sbi-secure@verify.info/kyc,spam,1
Your UPI payment of Rs 4556 to Sneha is successful. Ref 598664057,ham,0
Your order has been shipped. Delivery by 12 Sep.,ham,0
"Dear customer your UPI is blocked, click bit.ly/3xKyc9 to reactivate",spam,1
Rs 3630 credited to your account from Karan. UPI Ref 461665430,ham,0
Your order has been shipped. Delivery by 12 Sep.,ham,0
URGENT: Your bank account will be suspended. Verify at sbi-secure@verify.info/kyc,spam,1
Class rescheduled to noon tomorrow.,ham,0
Your order has been shipped. Delivery by 15 Sep.,ham,0
Thanks for the payment of Rs 3629. See you tomorrow!,ham,0
Reminder: your mobile recharge expires on 25 Sep.,ham,0
Reminder: your mobile recharge expires on 12 Sep.,ham,0
URGENT: Your bank account will be suspended. Verify at bit.ly/3xKyc9,spam,1
"Electricity bill unpaid, power cut tonight. Call or pay at bit.ly/3xKyc9",spam,1
URGENT: Your bank account will be suspended. Verify at sbi-secure@verify.info/kyc,spam,1
182929 is your OTP. Do not share it with anyone.,ham,0
"Dear customer your UPI is blocked, click cutt.ly/upiBlock to reactivate",spam,1
Thanks for the payment of Rs 2821. See you tomorrow!,ham,0
Your order has been shipped. Delivery by 25 Sep.,ham,0
Thanks for the payment of Rs 4395. See you tomorrow!,ham,0
Reminder: your mobile recharge expires on 20 Sep.,ham,0
Your electricity bill of Rs 3719 is due on 15 Sep. Pay via official app.,ham,0
Thanks for the payment of Rs 1151. See you tomorrow!,ham,0
Your order has been shipped. Delivery by 20 Sep.,ham,0
Rs 1369 credited to your account from Karan. UPI Ref 242817532,ham,0
"Hi Sneha, are we meeting at 5 PM?",ham,0
Thanks for the payment of Rs 3029. See you tomorrow!,ham,0
Your electricity bill of Rs 4000 is due on 20 Sep. Pay via official app.,ham,0
376009 is your OTP. Do not share it with anyone.,ham,0
"Hi Amit, are we meeting at 10 AM?",ham,0
Your order has been shipped. Delivery by 15 Sep.,ham,0
Your electricity bill of Rs 4746 is due on 15 Sep. Pay via official app.,ham,0
Congrats! You won cashback Rs 50000. Claim now tinyurl.com/claim-cash,spam,1
You have won a lucky draw of Rs 10000! Pay Rs 99 fee at upi-kyc-update.xyz/login,spam,1
"Dear customer your UPI is blocked, click cutt.ly/upiBlock to reactivate",spam,1
Reminder: your mobile recharge expires on 20 Sep.,ham,0
467952 is your OTP. Do not share it with anyone.,ham,0
"Electricity bill unpaid, power cut tonight. Call or pay at sbi-secure@verify.info/kyc",spam,1
Your UPI payment of Rs 329 to Anjali is successful. Ref 717115986,ham,0
URGENT: Your bank account will be suspended. Verify at paytm-reward.top/win,spam,1
Your order has been shipped. Delivery by 20 Sep.,ham,0
Your UPI payment of Rs 620 to Ravi is successful. Ref 777576005,ham,0
"Dear customer your UPI is blocked, click sbi-secure@verify.info/kyc to reactivate",spam,1
359261 is your OTP. Do not share it with anyone.,ham,0
796063 is your OTP. Do not share it with anyone.,ham,0
Your order has been shipped. Delivery by 12 Sep.,ham,0
854112 is your OTP. Do not share it with anyone.,ham,0
Your UPI payment of Rs 1036 to Neha is successful. Ref 977308791,ham,0
"Dear customer your UPI is blocked, click tinyurl.com/claim-cash to reactivate",spam,1
Reminder: your mobile recharge expires on 12 Sep.,ham,0
Your order has been shipped. Delivery by 12 Sep.,ham,0
"Hi Ravi, are we meeting at noon?",ham,0
Class rescheduled to 6:30 PM tomorrow.,ham,0
Class rescheduled to 5 PM tomorrow.,ham,0
Rs 2292 credited to your account from Rahul. UPI Ref 476890885,ham,0
Your electricity bill of Rs 471 is due on 25 Sep. Pay via official app.,ham,0
URGENT: Your bank account will be suspended. Verify at cutt.ly/upiBlock,spam,1
Get instant loan Rs 500 without documents. Apply tinyurl.com/claim-cash,spam,1
"Hi Rahul, are we meeting at 6:30 PM?",ham,0
Refund of Rs 5000 pending. Approve the collect request to receive it,spam,0
"Hey Rahul, sent you Rs 1713 for dinner.",ham,0
Reminder: your mobile recharge expires on 20 Sep.,ham,0
"Hey Priya, sent you Rs 3664 for dinner.",ham,0
You have won a lucky draw of Rs 5000! Pay Rs 99 fee at bit.ly/3xKyc9,spam,1
Reminder: your mobile recharge expires on 15 Sep.,ham,0
Refund of Rs 5000 pending. Approve the collect request to receive it,spam,0
"Hey Priya, sent you Rs 3801 for dinner.",ham,0
Class rescheduled to 10 AM tomorrow.,ham,0
Your electricity bill of Rs 4907 is due on 20 Sep. Pay via official app.,ham,0
Reminder: your mobile recharge expires on 12 Sep.,ham,0
Your electricity bill of Rs 4058 is due on 20 Sep. Pay via official app.,ham,0
Get instant loan Rs 500 without documents. Apply sbi-secure@verify.info/kyc,spam,1
Your electricity bill of Rs 4815 is due on 20 Sep. Pay via official app.,ham,0
Class rescheduled to noon tomorrow.,ham,0
Rs 3267 credited to your account from Rahul. UPI Ref 681705900,ham,0
"Dear customer your UPI is blocked, click bit.ly/3xKyc9 to reactivate",spam,1
Congrats! You won cashback Rs 1000. Claim now cutt.ly/upiBlock,spam,1
Your electricity bill of Rs 3083 is due on 15 Sep. Pay via official app.,ham,0
Congrats! You won cashback Rs 10000. Claim now tinyurl.com/claim-cash,spam,1
Scan this QR to receive your Rs 500 reward,spam,0
Your UPI payment of Rs 4796 to Amit is successful. Ref 388787704,ham,0
URGENT: Your bank account will be suspended. Verify at bit.ly/3xKyc9,spam,1
Earn Rs 500 per day working from home. Join now paytm-reward.top/win,spam,1
"Hey Amit, sent you Rs 1084 for dinner.",ham,0
Your order has been shipped. Delivery by 25 Sep.,ham,0
972574 is your OTP. Do not share it with anyone.,ham,0
"Hey Rahul, sent you Rs 2316 for dinner.",ham,0
Get instant loan Rs 50000 without documents. Apply bit.ly/3xKyc9,spam,1
Your electricity bill of Rs 1022 is due on 20 Sep. Pay via official app.,ham,0
Class rescheduled to 5 PM tomorrow.,ham,0
Congrats! You won cashback Rs 10000. Claim now tinyurl.com/claim-cash,spam,1
Your order has been shipped. Delivery by 12 Sep.,ham,0
Your order has been shipped. Delivery by 12 Sep.,ham,0
Thanks for the payment of Rs 4709. See you tomorrow!,ham,0
Your UPI payment of Rs 42 to Sneha is successful. Ref 885172042,ham,0
"Electricity bill unpaid, power cut tonight. Call or pay at sbi-secure@verify.info/kyc",spam,1
Earn Rs 50000 per day working from home. Join now sbi-secure@verify.info/kyc,spam,1
URGENT: Your bank account will be suspended. Verify at cutt.ly/upiBlock,spam,1
Congrats! You won cashback Rs 5000. Claim now cutt.ly/upiBlock,spam,1
454031 is your OTP. Do not share it with anyone.,ham,0
URGENT: Your bank account will be suspended. Verify at tinyurl.com/claim-cash,spam,1
Congrats! You won cashback Rs 50000. Claim now sbi-secure@verify.info/kyc,spam,1
303565 is your OTP. Do not share it with anyone.,ham,0
Your order has been shipped. Delivery by 20 Sep.,ham,0
"Hi Neha, are we meeting at 10 AM?",ham,0
Thanks for the payment of Rs 4878. See you tomorrow!,ham,0
Congrats! You won cashback Rs 50000. Claim now upi-kyc-update.xyz/login,spam,1
Thanks for the payment of Rs 2823. See you tomorrow!,ham,0
Your order has been shipped. Delivery by 25 Sep.,ham,0
Thanks for the payment of Rs 912. See you tomorrow!,ham,0
"Hey Priya, sent you Rs 4211 for dinner.",ham,0
URGENT: Your bank account will be suspended. Verify at upi-kyc-update.xyz/login,spam,1
Thanks for the payment of Rs 4596. See you tomorrow!,ham,0
Congrats! You won cashback Rs 10000. Claim now paytm-reward.top/win,spam,1
Your KYC is expired. Update at paytm-reward.top/win or account will be blocked today,spam,1
Rs 2360 credited to your account from Ravi. UPI Ref 333780312,ham,0
You have won a lucky draw of Rs 500! Pay Rs 99 fee at upi-kyc-update.xyz/login,spam,1
"Electricity bill unpaid, power cut tonight. Call or pay at cutt.ly/upiBlock",spam,1
Thanks for the payment of Rs 2206. See you tomorrow!,ham,0
Class rescheduled to 10 AM tomorrow.,ham,0
Thanks for the payment of Rs 3869. See you tomorrow!,ham,0
Your UPI payment of Rs 4932 to Sneha is successful. Ref 763939035,ham,0
"Hi Karan, are we meeting at noon?",ham,0
You have won a lucky draw of Rs 5000! Pay Rs 99 fee at bit.ly/3xKyc9,spam,1
Your electricity bill of Rs 2861 is due on 15 Sep. Pay via official app.,ham,0
Reminder: your mobile recharge expires on 20 Sep.,ham,0
"Hi Sneha, are we meeting at 6:30 PM?",ham,0
Thanks for the payment of Rs 4314. See you tomorrow!,ham,0
975654 is your OTP. Do not share it with anyone.,ham,0
"Hi Ravi, are we meeting at noon?",ham,0
"Hey Neha, sent you Rs 1908 for dinner.",ham,0
Reminder: your mobile recharge expires on 20 Sep.,ham,0
URGENT: Your bank account will be suspended. Verify at upi-kyc-update.xyz/login,spam,1
Refund of Rs 5000 pending. Approve the collect request to receive it,spam,0
Class rescheduled to noon tomorrow.,ham,0
Scan this QR to receive your Rs 10000 reward,spam,0
266259 is your OTP. Do not share it with anyone.,ham,0
Class rescheduled to 5 PM tomorrow.,ham,0
Thanks for the payment of Rs 1358. See you tomorrow!,ham,0
"Electricity bill unpaid, power cut tonight. Call or pay at tinyurl.com/claim-cash",spam,1
Thanks for the payment of Rs 3539. See you tomorrow!,ham,0
URGENT: Your bank account will be suspended. Verify at tinyurl.com/claim-cash,spam,1
Reminder: your mobile recharge expires on 20 Sep.,ham,0
Rs 4391 credited to your account from Sneha. UPI Ref 110138628,ham,0
560646 is your OTP. Do not share it with anyone.,ham,0
Reminder: your mobile recharge expires on 20 Sep.,ham,0
Your order has been shipped. Delivery by 25 Sep.,ham,0
"Hey Rahul, sent you Rs 3968 for dinner.",ham,0
Your electricity bill of Rs 4039 is due on 15 Sep. Pay via official app.,ham,0
Your order has been shipped. Delivery by 12 Sep.,ham,0
Reminder: your mobile recharge expires on 25 Sep.,ham,0
Get instant loan Rs 1000 without documents. Apply bit.ly/3xKyc9,spam,1
407842 is your OTP. Do not share it with anyone.,ham,0
Thanks for the payment of Rs 275. See you tomorrow!,ham,0
"Hi Anjali, are we meeting at noon?",ham,0
Rs 891 credited to your account from Sneha. UPI Ref 410833921,ham,0
Your UPI payment of Rs 1605 to Priya is successful. Ref 630610353,ham,0
Reminder: your mobile recharge expires on 25 Sep.,ham,0
"Hey Rahul, sent you Rs 171 for dinner.",ham,0
Your electricity bill of Rs 4905 is due on 12 Sep. Pay via official app.,ham,0
Thanks for the payment of Rs 3846. See you tomorrow!,ham,0
Your electricity bill of Rs 580 is due on 20 Sep. Pay via official app.,ham,0
You have won a lucky draw of Rs 5000! Pay Rs 99 fee at paytm-reward.top/win,spam,1
"Hi Ravi, are we meeting at 5 PM?",ham,0
Your electricity bill of Rs 2272 is due on 15 Sep. Pay via official app.,ham,0
Your order has been shipped. Delivery by 25 Sep.,ham,0
Your order has been shipped. Delivery by 12 Sep.,ham,0
"Dear customer your UPI is blocked, click paytm-reward.top/win to reactivate",spam,1
Your electricity bill of Rs 2175 is due on 12 Sep. Pay via official app.,ham,0
Reminder: your mobile recharge expires on 12 Sep.,ham,0
Get instant loan Rs 5000 without documents. Apply tinyurl.com/claim-cash,spam,1
Your order has been shipped. Delivery by 12 Sep.,ham,0
816006 is your OTP. Do not share it with anyone.,ham,0
URGENT: Your bank account will be suspended. Verify at cutt.ly/upiBlock,spam,1
Rs 3630 credited to your account from Amit. UPI Ref 133576286,ham,0
Reminder: your mobile recharge expires on 12 Sep.,ham,0
Thanks for the payment of Rs 1877. See you tomorrow!,ham,0
Congrats! You won cashback Rs 10000. Claim now sbi-secure@verify.info/kyc,spam,1
Refund of Rs 5000 pending. Approve the collect request to receive it,spam,0
773888 is your OTP. Do not share it with anyone.,ham,0
195264 is your OTP. Do not share it with anyone.,ham,0
Rs 2921 credited to your account from Priya. UPI Ref 312839259,ham,0
767512 is your OTP. Do not share it with anyone.,ham,0
URGENT: Your bank account will be suspended. Verify at upi-kyc-update.xyz/login,spam,1
Congrats! You won cashback Rs 10000. Claim now upi-kyc-update.xyz/login,spam,1
Scan this QR to receive your Rs 10000 reward,spam,0
705828 is your OTP. Do not share it with anyone.,ham,0
"Dear customer your UPI is blocked, click paytm-reward.top/win to reactivate",spam,1
Your electricity bill of Rs 251 is due on 12 Sep. Pay via official app.,ham,0
Rs 2858 credited to your account from Neha. UPI Ref 885498354,ham,0
Rs 2372 credited to your account from Amit. UPI Ref 393679844,ham,0
Your UPI payment of Rs 1514 to Ravi is successful. Ref 236148786,ham,0
Scan this QR to receive your Rs 10000 reward,spam,0
251402 is your OTP. Do not share it with anyone.,ham,0
"Hey Neha, sent you Rs 3951 for dinner.",ham,0
Your electricity bill of Rs 697 is due on 15 Sep. Pay via official app.,ham,0
"Dear customer your UPI is blocked, click bit.ly/3xKyc9 to reactivate",spam,1
Your order has been shipped. Delivery by 20 Sep.,ham,0
Your electricity bill of Rs 2984 is due on 12 Sep. Pay via official app.,ham,0
"Electricity bill unpaid, power cut tonight. Call or pay at sbi-secure@verify.info/kyc",spam,1
URGENT: Your bank account will be suspended. Verify at upi-kyc-update.xyz/login,spam,1
"Dear customer your UPI is blocked, click bit.ly/3xKyc9 to reactivate",spam,1
Your electricity bill of Rs 1870 is due on 12 Sep. Pay via official app.,ham,0
"Hi Sneha, are we meeting at 6:30 PM?",ham,0
Rs 2878 credited to your account from Priya. UPI Ref 351155899,ham,0
Class rescheduled to 6:30 PM tomorrow.,ham,0
Get instant loan Rs 50000 without documents. Apply tinyurl.com/claim-cash,spam,1
URGENT: Your bank account will be suspended. Verify at paytm-reward.top/win,spam,1
Reminder: your mobile recharge expires on 15 Sep.,ham,0
Your UPI payment of Rs 3784 to Priya is successful. Ref 910144813,ham,0
Your order has been shipped. Delivery by 20 Sep.,ham,0
URGENT: Your bank account will be suspended. Verify at cutt.ly/upiBlock,spam,1
Thanks for the payment of Rs 1519. See you tomorrow!,ham,0
Your electricity bill of Rs 2447 is due on 20 Sep. Pay via official app.,ham,0
Your order has been shipped. Delivery by 12 Sep.,ham,0
Rs 2044 credited to your account from Amit. UPI Ref 634078700,ham,0
Thanks for the payment of Rs 1532. See you tomorrow!,ham,0
Your UPI payment of Rs 596 to Anjali is successful. Ref 457505674,ham,0
750412 is your OTP. Do not share it with anyone.,ham,0
"Dear customer your UPI is blocked, click sbi-secure@verify.info/kyc to reactivate",spam,1
"Electricity bill unpaid, power cut tonight. Call or pay at upi-kyc-update.xyz/login",spam,1
Reminder: your mobile recharge expires on 15 Sep.,ham,0
"Hi Karan, are we meeting at 10 AM?",ham,0
Get instant loan Rs 500 without documents. Apply tinyurl.com/claim-cash,spam,1
You have won a lucky draw of Rs 500! Pay Rs 99 fee at sbi-secure@verify.info/kyc,spam,1
Rs 2591 credited to your account from Rahul. UPI Ref 547859090,ham,0
Your order has been shipped. Delivery by 25 Sep.,ham,0
"Hi Ravi, are we meeting at 10 AM?",ham,0
Your UPI payment of Rs 3177 to Neha is successful. Ref 817451384,ham,0
Congrats! You won cashback Rs 50000. Claim now cutt.ly/upiBlock,spam,1
Earn Rs 5000 per day working from home. Join now bit.ly/3xKyc9,spam,1
Your UPI payment of Rs 2349 to Priya is successful. Ref 967681631,ham,0
Class rescheduled to 10 AM tomorrow.,ham,0
Earn Rs 10000 per day working from home. Join now bit.ly/3xKyc9,spam,1
Your order has been shipped. Delivery by 20 Sep.,ham,0
"Hey Sneha, sent you Rs 3542 for dinner.",ham,0
Your order has been shipped. Delivery by 12 Sep.,ham,0
"Hi Amit, are we meeting at 10 AM?",ham,0
Thanks for the payment of Rs 572. See you tomorrow!,ham,0
Scan this QR to receive your Rs 50000 reward,spam,0
Your KYC is expired. Update at upi-kyc-update.xyz/login or account will be blocked today,spam,1
You have won a lucky draw of Rs 500! Pay Rs 99 fee at sbi-secure@verify.info/kyc,spam,1
Congrats! You won cashback Rs 10000. Claim now bit.ly/3xKyc9,spam,1
Your electricity bill of Rs 4136 is due on 20 Sep. Pay via official app.,ham,0
Your UPI payment of Rs 4852 to Priya is successful. Ref 116533813,ham,0
Get instant loan Rs 500 without documents. Apply paytm-reward.top/win,spam,1
Your UPI payment of Rs 3685 to Anjali is successful. Ref 580799019,ham,0
Rs 2374 credited to your account from Anjali. UPI Ref 785210288,ham,0
Your UPI payment of Rs 1121 to Ravi is successful. Ref 378400528,ham,0
Thanks for the payment of Rs 1621. See you tomorrow!,ham,0
Congrats! You won cashback Rs 50000. Claim now bit.ly/3xKyc9,spam,1
Your order has been shipped. Delivery by 15 Sep.,ham,0
Your electricity bill of Rs 2196 is due on 15 Sep. Pay via official app.,ham,0
Scan this QR to receive your Rs 500 reward,spam,0
Your electricity bill of Rs 2266 is due on 12 Sep. Pay via official app.,ham,0
Your electricity bill of Rs 2976 is due on 15 Sep. Pay via official app.,ham,0
Your electricity bill of Rs 564 is due on 25 Sep. Pay via official app.,ham,0
Your order has been shipped. Delivery by 20 Sep.,ham,0
Your electricity bill of Rs 1985 is due on 25 Sep. Pay via official app.,ham,0
Rs 759 credited to your account from Ravi. UPI Ref 879318261,ham,0
You have won a lucky draw of Rs 10000! Pay Rs 99 fee at upi-kyc-update.xyz/login,spam,1
Reminder: your mobile recharge expires on 20 Sep.,ham,0
Class rescheduled to noon tomorrow.,ham,0
Reminder: your mobile recharge expires on 25 Sep.,ham,0
"Hey Ravi, sent you Rs 4205 for dinner.",ham,0
Thanks for the payment of Rs 4291. See you tomorrow!,ham,0
Thanks for the payment of Rs 3699. See you tomorrow!,ham,0
"Electricity bill unpaid, power cut tonight. Call or pay at bit.ly/3xKyc9",spam,1
"Hey Priya, sent you Rs 2143 for dinner.",ham,0
"Hey Anjali, sent you Rs 213 for dinner.",ham,0
Your UPI payment of Rs 4471 to Amit is successful. Ref 152972424,ham,0
Refund of Rs 5000 pending. Approve the collect request to receive it,spam,0
"Hey Neha, sent you Rs 336 for dinner.",ham,0
"Hey Sneha, sent you Rs 2772 for dinner.",ham,0
Your order has been shipped. Delivery by 25 Sep.,ham,0
"Dear customer your UPI is blocked, click bit.ly/3xKyc9 to reactivate",spam,1
Scan this QR to receive your Rs 50000 reward,spam,0
Your electricity bill of Rs 1504 is due on 25 Sep. Pay via official app.,ham,0
Your UPI payment of Rs 562 to Anjali is successful. Ref 893750025,ham,0
Rs 4178 credited to your account from Anjali. UPI Ref 994117006,ham,0
"Hey Amit, sent you Rs 4286 for dinner.",ham,0
Reminder: your mobile recharge expires on 20 Sep.,ham,0
Your KYC is expired. Update at cutt.ly/upiBlock or account will be blocked today,spam,1
"Hey Karan, sent you Rs 3121 for dinner.",ham,0
Scan this QR to receive your Rs 10000 reward,spam,0
300999 is your OTP. Do not share it with anyone.,ham,0
322782 is your OTP. Do not share it with anyone.,ham,0
"Hi Amit, are we meeting at noon?",ham,0
Thanks for the payment of Rs 4540. See you tomorrow!,ham,0
Your electricity bill of Rs 2119 is due on 25 Sep. Pay via official app.,ham,0
Class rescheduled to 10 AM tomorrow.,ham,0
Your electricity bill of Rs 2976 is due on 15 Sep. Pay via official app.,ham,0
Scan this QR to receive your Rs 500 reward,spam,0
Scan this QR to receive your Rs 500 reward,spam,0
Earn Rs 1000 per day working from home. Join now bit.ly/3xKyc9,spam,1
Your UPI payment of Rs 3157 to Amit is successful. Ref 162767974,ham,0
"Hi Karan, are we meeting at 6:30 PM?",ham,0
Your UPI payment of Rs 427 to Neha is successful. Ref 471655043,ham,0
Your electricity bill of Rs 3541 is due on 20 Sep. Pay via official app.,ham,0
Your order has been shipped. Delivery by 12 Sep.,ham,0
Class rescheduled to 5 PM tomorrow.,ham,0
Scan this QR to receive your Rs 10000 reward,spam,0
Scan this QR to receive your Rs 1000 reward,spam,0
"Hey Ravi, sent you Rs 3870 for dinner.",ham,0
"Hi Rahul, are we meeting at noon?",ham,0
Your UPI payment of Rs 161 to Neha is successful. Ref 850566313,ham,0
992591 is your OTP. Do not share it with anyone.,ham,0
Rs 1835 credited to your account from Amit. UPI Ref 841167663,ham,0
Class rescheduled to 5 PM tomorrow.,ham,0
Your UPI payment of Rs 510 to Priya is successful. Ref 710356293,ham,0
Your order has been shipped. Delivery by 25 Sep.,ham,0
Your electricity bill of Rs 3029 is due on 15 Sep. Pay via official app.,ham,0
Rs 437 credited to your account from Karan. UPI Ref 769821867,ham,0
Rs 4015 credited to your account from Neha. UPI Ref 714064224,ham,0
Rs 1758 credited to your account from Priya. UPI Ref 451241897,ham,0
You have won a lucky draw of Rs 50000! Pay Rs 99 fee at bit.ly/3xKyc9,spam,1
Rs 2326 credited to your account from Neha. UPI Ref 128800516,ham,0
"Hi Karan, are we meeting at noon?",ham,0
You have won a lucky draw of Rs 10000! Pay Rs 99 fee at cutt.ly/upiBlock,spam,1
Your order has been shipped. Delivery by 20 Sep.,ham,0
Scan this QR to receive your Rs 1000 reward,spam,0
961778 is your OTP. Do not share it with anyone.,ham,0
Class rescheduled to 6:30 PM tomorrow.,ham,0
Your electricity bill of Rs 1503 is due on 25 Sep. Pay via official app.,ham,0
You have won a lucky draw of Rs 50000! Pay Rs 99 fee at sbi-secure@verify.info/kyc,spam,1
Rs 4567 credited to your account from Ravi. UPI Ref 736591551,ham,0
"Hey Sneha, sent you Rs 4639 for dinner.",ham,0
Rs 4212 credited to your account from Ravi. UPI Ref 994121359,ham,0
URGENT: Your bank account will be suspended. Verify at cutt.ly/upiBlock,spam,1
Your order has been shipped. Delivery by 20 Sep.,ham,0
Your UPI payment of Rs 4459 to Neha is successful. Ref 293537761,ham,0
Rs 2777 credited to your account from Rahul. UPI Ref 679001200,ham,0
"Hey Rahul, sent you Rs 4475 for dinner.",ham,0
Reminder: your mobile recharge expires on 20 Sep.,ham,0
Your electricity bill of Rs 4273 is due on 25 Sep. Pay via official app.,ham,0
"Electricity bill unpaid, power cut tonight. Call or pay at bit.ly/3xKyc9",spam,1
"Hey Karan, sent you Rs 635 for dinner.",ham,0
Your electricity bill of Rs 3059 is due on 25 Sep. Pay via official app.,ham,0
Rs 225 credited to your account from Ravi. UPI Ref 711338764,ham,0
URGENT: Your bank account will be suspended. Verify at upi-kyc-update.xyz/login,spam,1
"Hey Sneha, sent you Rs 1240 for dinner.",ham,0
Rs 676 credited to your account from Priya. UPI Ref 374817903,ham,0
"Hi Ravi, are we meeting at 10 AM?",ham,0
Rs 2512 credited to your account from Karan. UPI Ref 320073097,ham,0
Reminder: your mobile recharge expires on 25 Sep.,ham,0
"Hey Anjali, sent you Rs 3782 for dinner.",ham,0
Your UPI payment of Rs 2583 to Anjali is successful. Ref 728176366,ham,0
Earn Rs 500 per day working from home. Join now sbi-secure@verify.info/kyc,spam,1
Class rescheduled to noon tomorrow.,ham,0
Thanks for the payment of Rs 2504. See you tomorrow!,ham,0
Your electricity bill of Rs 2189 is due on 25 Sep. Pay via official app.,ham,0
"Hey Karan, sent you Rs 2076 for dinner.",ham,0
You have won a lucky draw of Rs 10000! Pay Rs 99 fee at cutt.ly/upiBlock,spam,1
Your KYC is expired. Update at bit.ly/3xKyc9 or account will be blocked today,spam,1
Reminder: your mobile recharge expires on 25 Sep.,ham,0
Rs 4683 credited to your account from Rahul. UPI Ref 981336114,ham,0
Your order has been shipped. Delivery by 12 Sep.,ham,0
"Electricity bill unpaid, power cut tonight. Call or pay at upi-kyc-update.xyz/login",spam,1
Refund of Rs 10000 pending. Approve the collect request to receive it,spam,0
Reminder: your mobile recharge expires on 25 Sep.,ham,0
"Hey Neha, sent you Rs 3478 for dinner.",ham,0
Your order has been shipped. Delivery by 25 Sep.,ham,0
Your order has been shipped. Delivery by 20 Sep.,ham,0
Your order has been shipped. Delivery by 15 Sep.,ham,0
Your UPI payment of Rs 1218 to Ravi is successful. Ref 234230301,ham,0
"Dear customer your UPI is blocked, click cutt.ly/upiBlock to reactivate",spam,1
Your order has been shipped. Delivery by 15 Sep.,ham,0
Your UPI payment of Rs 4245 to Priya is successful. Ref 226335881,ham,0
URGENT: Your bank account will be suspended. Verify at cutt.ly/upiBlock,spam,1
Thanks for the payment of Rs 4981. See you tomorrow!,ham,0
Reminder: your mobile recharge expires on 25 Sep.,ham,0
Your KYC is expired. Update at paytm-reward.top/win or account will be blocked today,spam,1
Class rescheduled to 6:30 PM tomorrow.,ham,0
Get instant loan Rs 1000 without documents. Apply cutt.ly/upiBlock,spam,1
"Hey Sneha, sent you Rs 2815 for dinner.",ham,0
Your UPI payment of Rs 1949 to Rahul is successful. Ref 488211622,ham,0
Class rescheduled to 5 PM tomorrow.,ham,0
825950 is your OTP. Do not share it with anyone.,ham,0
Class rescheduled to 10 AM tomorrow.,ham,0
Your UPI payment of Rs 2928 to Karan is successful. Ref 522731352,ham,0
"Electricity bill unpaid, power cut tonight. Call or pay at upi-kyc-update.xyz/login",spam,1
Congrats! You won cashback Rs 1000. Claim now sbi-secure@verify.info/kyc,spam,1
Rs 329 credited to your account from Karan. UPI Ref 484592865,ham,0
437565 is your OTP. Do not share it with anyone.,ham,0
Your electricity bill of Rs 3123 is due on 15 Sep. Pay via official app.,ham,0
Rs 4918 credited to your account from Neha. UPI Ref 348379581,ham,0
Class rescheduled to noon tomorrow.,ham,0
Rs 3365 credited to your account from Karan. UPI Ref 584988640,ham,0
Your electricity bill of Rs 1251 is due on 15 Sep. Pay via official app.,ham,0
Scan this QR to receive your Rs 50000 reward,spam,0
Thanks for the payment of Rs 1966. See you tomorrow!,ham,0
Reminder: your mobile recharge expires on 25 Sep.,ham,0
Your UPI payment of Rs 91 to Anjali is successful. Ref 204857672,ham,0
Class rescheduled to noon tomorrow.,ham,0
Refund of Rs 1000 pending. Approve the collect request to receive it,spam,0
Congrats! You won cashback Rs 10000. Claim now paytm-reward.top/win,spam,1
Earn Rs 1000 per day working from home. Join now paytm-reward.top/win,spam,1
Your order has been shipped. Delivery by 15 Sep.,ham,0
"Hi Amit, are we meeting at noon?",ham,0
Thanks for the payment of Rs 799. See you tomorrow!,ham,0
Refund of Rs 50000 pending. Approve the collect request to receive it,spam,0
Class rescheduled to 10 AM tomorrow.,ham,0
Your KYC is expired. Update at cutt.ly/upiBlock or account will be blocked today,spam,1
Get instant loan Rs 500 without documents. Apply bit.ly/3xKyc9,spam,1
"Dear customer your UPI is blocked, click bit.ly/3xKyc9 to reactivate",spam,1
Your UPI payment of Rs 4718 to Amit is successful. Ref 742079386,ham,0
Rs 667 credited to your account from Karan. UPI Ref 929481344,ham,0
325556 is your OTP. Do not share it with anyone.,ham,0
Thanks for the payment of Rs 2393. See you tomorrow!,ham,0
"Electricity bill unpaid, power cut tonight. Call or pay at bit.ly/3xKyc9",spam,1
Rs 4944 credited to your account from Priya. UPI Ref 486446112,ham,0
URGENT: Your bank account will be suspended. Verify at sbi-secure@verify.info/kyc,spam,1
"Hey Karan, sent you Rs 4794 for dinner.",ham,0
Get instant loan Rs 500 without documents. Apply cutt.ly/upiBlock,spam,1
Get instant loan Rs 500 without documents. Apply sbi-secure@verify.info/kyc,spam,1
"Electricity bill unpaid, power cut tonight. Call or pay at paytm-reward.top/win",spam,1
Your order has been shipped. Delivery by 20 Sep.,ham,0
Congrats! You won cashback Rs 1000. Claim now bit.ly/3xKyc9,spam,1
"Dear customer your UPI is blocked, click bit.ly/3xKyc9 to reactivate",spam,1
"Electricity bill unpaid, power cut tonight. Call or pay at upi-kyc-update.xyz/login",spam,1
Thanks for the payment of Rs 1340. See you tomorrow!,ham,0
Rs 3264 credited to your account from Ravi. UPI Ref 969672281,ham,0
Reminder: your mobile recharge expires on 12 Sep.,ham,0
"Dear customer your UPI is blocked, click bit.ly/3xKyc9 to reactivate",spam,1
"Electricity bill unpaid, power cut tonight. Call or pay at bit.ly/3xKyc9",spam,1
Thanks for the payment of Rs 2510. See you tomorrow!,ham,0
Thanks for the payment of Rs 3585. See you tomorrow!,ham,0
"Hey Ravi, sent you Rs 1952 for dinner.",ham,0
"Hey Neha, sent you Rs 2796 for dinner.",ham,0
Class rescheduled to noon tomorrow.,ham,0
Reminder: your mobile recharge expires on 15 Sep.,ham,0
Scan this QR to receive your Rs 5000 reward,spam,0
249881 is your OTP. Do not share it with anyone.,ham,0
"Hey Rahul, sent you Rs 1746 for dinner.",ham,0
Thanks for the payment of Rs 1730. See you tomorrow!,ham,0
Thanks for the payment of Rs 545. See you tomorrow!,ham,0
"Hey Sneha, sent you Rs 257 for dinner.",ham,0
Thanks for the payment of Rs 3339. See you tomorrow!,ham,0
Congrats! You won cashback Rs 10000. Claim now tinyurl.com/claim-cash,spam,1
309361 is your OTP. Do not share it with anyone.,ham,0
Your order has been shipped. Delivery by 15 Sep.,ham,0
Thanks for the payment of Rs 964. See you tomorrow!,ham,0
"Hi Neha, are we meeting at 6:30 PM?",ham,0
Your order has been shipped. Delivery by 12 Sep.,ham,0
URGENT: Your bank account will be suspended. Verify at paytm-reward.top/win,spam,1
"Hey Neha, sent you Rs 1787 for dinner.",ham,0
"Hi Rahul, are we meeting at 6:30 PM?",ham,0
Thanks for the payment of Rs 3457. See you tomorrow!,ham,0
"Electricity bill unpaid, power cut tonight. Call or pay at bit.ly/3xKyc9",spam,1
"Hi Ravi, are we meeting at noon?",ham,0
Get instant loan Rs 10000 without documents. Apply cutt.ly/upiBlock,spam,1
Scan this QR to receive your Rs 5000 reward,spam,0
Rs 771 credited to your account from Ravi. UPI Ref 537393646,ham,0
Your order has been shipped. Delivery by 12 Sep.,ham,0
Reminder: your mobile recharge expires on 20 Sep.,ham,0
"Dear customer your UPI is blocked, click upi-kyc-update.xyz/login to reactivate",spam,1
"Electricity bill unpaid, power cut tonight. Call or pay at bit.ly/3xKyc9",spam,1
Reminder: your mobile recharge expires on 20 Sep.,ham,0
Your KYC is expired. Update at bit.ly/3xKyc9 or account will be blocked today,spam,1
Class rescheduled to noon tomorrow.,ham,0
"Dear customer your UPI is blocked, click upi-kyc-update.xyz/login to reactivate",spam,1
566770 is your OTP. Do not share it with anyone.,ham,0
Rs 2170 credited to your account from Ravi. UPI Ref 557907922,ham,0
Congrats! You won cashback Rs 1000. Claim now sbi-secure@verify.info/kyc,spam,1
"Hi Neha, are we meeting at noon?",ham,0
Your electricity bill of Rs 2276 is due on 25 Sep. Pay via official app.,ham,0
"Hi Sneha, are we meeting at noon?",ham,0
Thanks for the payment of Rs 4167. See you tomorrow!,ham,0
URGENT: Your bank account will be suspended. Verify at bit.ly/3xKyc9,spam,1
Get instant loan Rs 10000 without documents. Apply tinyurl.com/claim-cash,spam,1
"Hey Priya, sent you Rs 4215 for dinner.",ham,0
Your electricity bill of Rs 2006 is due on 15 Sep. Pay via official app.,ham,0
591292 is your OTP. Do not share it with anyone.,ham,0
Thanks for the payment of Rs 2692. See you tomorrow!,ham,0
Class rescheduled to 6:30 PM tomorrow.,ham,0
Class rescheduled to 5 PM tomorrow.,ham,0
"Hey Sneha, sent you Rs 1443 for dinner.",ham,0
Thanks for the payment of Rs 4579. See you tomorrow!,ham,0
Refund of Rs 1000 pending. Approve the collect request to receive it,spam,0
"Hey Anjali, sent you Rs 3003 for dinner.",ham,0
Reminder: your mobile recharge expires on 25 Sep.,ham,0
Class rescheduled to 5 PM tomorrow.,ham,0
Your electricity bill of Rs 3027 is due on 25 Sep. Pay via official app.,ham,0
"Hey Rahul, sent you Rs 2162 for dinner.",ham,0
"Hey Ravi, sent you Rs 1644 for dinner.",ham,0
Scan this QR to receive your Rs 5000 reward,spam,0
Refund of Rs 10000 pending. Approve the collect request to receive it,spam,0
Scan this QR to receive your Rs 50000 reward,spam,0
Your electricity bill of Rs 2491 is due on 20 Sep. Pay via official app.,ham,0
Congrats! You won cashback Rs 5000. Claim now paytm-reward.top/win,spam,1
"Hey Priya, sent you Rs 1593 for dinner.",ham,0
You have won a lucky draw of Rs 500! Pay Rs 99 fee at sbi-secure@verify.info/kyc,spam,1
Congrats! You won cashback Rs 500. Claim now bit.ly/3xKyc9,spam,1
Thanks for the payment of Rs 2136. See you tomorrow!,ham,0
Your UPI payment of Rs 1015 to Amit is successful. Ref 831073382,ham,0
Class rescheduled to 5 PM tomorrow.,ham,0
Earn Rs 1000 per day working from home. Join now paytm-reward.top/win,spam,1
Class rescheduled to 5 PM tomorrow.,ham,0
152821 is your OTP. Do not share it with anyone.,ham,0
"Hi Priya, are we meeting at 10 AM?",ham,0
Rs 2845 credited to your account from Ravi. UPI Ref 910550804,ham,0
Reminder: your mobile recharge expires on 15 Sep.,ham,0
Class rescheduled to noon tomorrow.,ham,0
Refund of Rs 500 pending. Approve the collect request to receive it,spam,0
343750 is your OTP. Do not share it with anyone.,ham,0
Your order has been shipped. Delivery by 20 Sep.,ham,0
Rs 2804 credited to your account from Priya. UPI Ref 973316246,ham,0
URGENT: Your bank account will be suspended. Verify at cutt.ly/upiBlock,spam,1
452170 is your OTP. Do not share it with anyone.,ham,0
Refund of Rs 500 pending. Approve the collect request to receive it,spam,0
You have won a lucky draw of Rs 5000! Pay Rs 99 fee at bit.ly/3xKyc9,spam,1
Earn Rs 500 per day working from home. Join now cutt.ly/upiBlock,spam,1
Your order has been shipped. Delivery by 20 Sep.,ham,0
URGENT: Your bank account will be suspended. Verify at sbi-secure@verify.info/kyc,spam,1
583200 is your OTP. Do not share it with anyone.,ham,0
Your electricity bill of Rs 4353 is due on 20 Sep. Pay via official app.,ham,0
Your UPI payment of Rs 456 to Karan is successful. Ref 567221401,ham,0
Your electricity bill of Rs 460 is due on 20 Sep. Pay via official app.,ham,0
Get instant loan Rs 1000 without documents. Apply upi-kyc-update.xyz/login,spam,1
"Hey Rahul, sent you Rs 4222 for dinner.",ham,0
Thanks for the payment of Rs 2149. See you tomorrow!,ham,0
Congrats! You won cashback Rs 10000. Claim now cutt.ly/upiBlock,spam,1
You have won a lucky draw of Rs 5000! Pay Rs 99 fee at bit.ly/3xKyc9,spam,1
URGENT: Your bank account will be suspended. Verify at bit.ly/3xKyc9,spam,1
"Hi Anjali, are we meeting at 10 AM?",ham,0
Reminder: your mobile recharge expires on 20 Sep.,ham,0
Reminder: your mobile recharge expires on 15 Sep.,ham,0
Your order has been shipped. Delivery by 25 Sep.,ham,0
Rs 4682 credited to your account from Rahul. UPI Ref 138655476,ham,0
Scan this QR to receive your Rs 5000 reward,spam,0
Earn Rs 50000 per day working from home. Join now cutt.ly/upiBlock,spam,1
Rs 618 credited to your account from Karan. UPI Ref 740331829,ham,0
"Hey Ravi, sent you Rs 4076 for dinner.",ham,0
Your KYC is expired. Update at sbi-secure@verify.info/kyc or account will be blocked today,spam,1
"Electricity bill unpaid, power cut tonight. Call or pay at cutt.ly/upiBlock",spam,1
Class rescheduled to noon tomorrow.,ham,0
Refund of Rs 1000 pending. Approve the collect request to receive it,spam,0
Your UPI payment of Rs 116 to Rahul is successful. Ref 440836877,ham,0
URGENT: Your bank account will be suspended. Verify at tinyurl.com/claim-cash,spam,1
Your electricity bill of Rs 4401 is due on 20 Sep. Pay via official app.,ham,0
430339 is your OTP. Do not share it with anyone.,ham,0
818744 is your OTP. Do not share it with anyone.,ham,0
Your order has been shipped. Delivery by 20 Sep.,ham,0
Reminder: your mobile recharge expires on 25 Sep.,ham,0
Your order has been shipped. Delivery by 12 Sep.,ham,0
Earn Rs 50000 per day working from home. Join now tinyurl.com/claim-cash,spam,1
"Hi Sneha, are we meeting at 10 AM?",ham,0
386850 is your OTP. Do not share it with anyone.,ham,0
Scan this QR to receive your Rs 10000 reward,spam,0
Get instant loan Rs 500 without documents. Apply sbi-secure@verify.info/kyc,spam,1
You have won a lucky draw of Rs 10000! Pay Rs 99 fee at upi-kyc-update.xyz/login,spam,1
"Hi Amit, are we meeting at 5 PM?",ham,0
Your order has been shipped. Delivery by 12 Sep.,ham,0
Reminder: your mobile recharge expires on 12 Sep.,ham,0
Class rescheduled to 5 PM tomorrow.,ham,0
"Hey Ravi, sent you Rs 4822 for dinner.",ham,0
"Electricity bill unpaid, power cut tonight. Call or pay at tinyurl.com/claim-cash",spam,1
URGENT: Your bank account will be suspended. Verify at tinyurl.com/claim-cash,spam,1
Your electricity bill of Rs 4390 is due on 25 Sep. Pay via official app.,ham,0
URGENT: Your bank account will be suspended. Verify at cutt.ly/upiBlock,spam,1
827156 is your OTP. Do not share it with anyone.,ham,0
Your order has been shipped. Delivery by 25 Sep.,ham,0
Class rescheduled to 6:30 PM tomorrow.,ham,0
"Hi Ravi, are we meeting at 5 PM?",ham,0
Your order has been shipped. Delivery by 25 Sep.,ham,0
Your electricity bill of Rs 3065 is due on 20 Sep. Pay via official app.,ham,0
You have won a lucky draw of Rs 5000! Pay Rs 99 fee at upi-kyc-update.xyz/login,spam,1
Rs 581 credited to your account from Priya. UPI Ref 310158930,ham,0
Reminder: your mobile recharge expires on 12 Sep.,ham,0
Your order has been shipped. Delivery by 15 Sep.,ham,0
"Dear customer your UPI is blocked, click tinyurl.com/claim-cash to reactivate",spam,1
Rs 1402 credited to your account from Anjali. UPI Ref 898028676,ham,0
Your order has been shipped. Delivery by 12 Sep.,ham,0
406238 is your OTP. Do not share it with anyone.,ham,0
Reminder: your mobile recharge expires on 15 Sep.,ham,0
Your electricity bill of Rs 3931 is due on 12 Sep. Pay via official app.,ham,0
Congrats! You won cashback Rs 50000. Claim now upi-kyc-update.xyz/login,spam,1
Your UPI payment of Rs 3958 to Priya is successful. Ref 742899347,ham,0
Your UPI payment of Rs 4426 to Ravi is successful. Ref 548948609,ham,0
Reminder: your mobile recharge expires on 15 Sep.,ham,0
"Hi Karan, are we meeting at 5 PM?",ham,0
Your order has been shipped. Delivery by 12 Sep.,ham,0
"Hey Karan, sent you Rs 1652 for dinner.",ham,0
Your order has been shipped. Delivery by 20 Sep.,ham,0
Reminder: your mobile recharge expires on 25 Sep.,ham,0
Earn Rs 5000 per day working from home. Join now cutt.ly/upiBlock,spam,1
Thanks for the payment of Rs 790. See you tomorrow!,ham,0
Your order has been shipped. Delivery by 15 Sep.,ham,0
Rs 4164 credited to your account from Karan. UPI Ref 275986999,ham,0
Your order has been shipped. Delivery by 25 Sep.,ham,0
Your UPI payment of Rs 1072 to Priya is successful. Ref 382642092,ham,0
"Hi Ravi, are we meeting at noon?",ham,0
Thanks for the payment of Rs 739. See you tomorrow!,ham,0
"Hey Ravi, sent you Rs 4026 for dinner.",ham,0
"Hey Karan, sent you Rs 3541 for dinner.",ham,0
"Electricity bill unpaid, power cut tonight. Call or pay at cutt.ly/upiBlock",spam,1
"Hey Anjali, sent you Rs 2795 for dinner.",ham,0
URGENT: Your bank account will be suspended. Verify at bit.ly/3xKyc9,spam,1
Your UPI payment of Rs 4201 to Priya is successful. Ref 108854540,ham,0
Rs 535 credited to your account from Amit. UPI Ref 797007669,ham,0
Thanks for the payment of Rs 1560. See you tomorrow!,ham,0
Your order has been shipped. Delivery by 20 Sep.,ham,0
"Dear customer your UPI is blocked, click bit.ly/3xKyc9 to reactivate",spam,1
"Hey Karan, sent you Rs 1787 for dinner.",ham,0
Scan this QR to receive your Rs 10000 reward,spam,0
"Hi Rahul, are we meeting at 6:30 PM?",ham,0
968011 is your OTP. Do not share it with anyone.,ham,0
Your electricity bill of Rs 3483 is due on 20 Sep. Pay via official app.,ham,0
Your UPI payment of Rs 2292 to Priya is successful. Ref 620227691,ham,0
223726 is your OTP. Do not share it with anyone.,ham,0
"Hey Rahul, sent you Rs 1284 for dinner.",ham,0
Class rescheduled to 5 PM tomorrow.,ham,0
Your KYC is expired. Update at tinyurl.com/claim-cash or account will be blocked today,spam,1
928683 is your OTP. Do not share it with anyone.,ham,0
Refund of Rs 1000 pending. Approve the collect request to receive it,spam,0
Your order has been shipped. Delivery by 15 Sep.,ham,0
Your order has been shipped. Delivery by 25 Sep.,ham,0
"Hi Amit, are we meeting at 5 PM?",ham,0
Earn Rs 10000 per day working from home. Join now upi-kyc-update.xyz/login,spam,1
Your KYC is expired. Update at bit.ly/3xKyc9 or account will be blocked today,spam,1
"Hey Karan, sent you Rs 4379 for dinner.",ham,0
"Hi Rahul, are we meeting at noon?",ham,0
You have won a lucky draw of Rs 5000! Pay Rs 99 fee at bit.ly/3xKyc9,spam,1
Rs 3040 credited to your account from Amit. UPI Ref 544604535,ham,0
You have won a lucky draw of Rs 10000! Pay Rs 99 fee at tinyurl.com/claim-cash,spam,1
Refund of Rs 5000 pending. Approve the collect request to receive it,spam,0
Refund of Rs 10000 pending. Approve the collect request to receive it,spam,0
Your UPI payment of Rs 3129 to Karan is successful. Ref 884909393,ham,0
890290 is your OTP. Do not share it with anyone.,ham,0
792140 is your OTP. Do not share it with anyone.,ham,0
"Dear customer your UPI is blocked, click paytm-reward.top/win to reactivate",spam,1
Your order has been shipped. Delivery by 15 Sep.,ham,0
"Hey Rahul, sent you Rs 3813 for dinner.",ham,0
"Hi Anjali, are we meeting at 10 AM?",ham,0
"Hey Ravi, sent you Rs 2227 for dinner.",ham,0
Congrats! You won cashback Rs 1000. Claim now sbi-secure@verify.info/kyc,spam,1
423725 is your OTP. Do not share it with anyone.,ham,0
Your UPI payment of Rs 3815 to Sneha is successful. Ref 999948700,ham,0
Your electricity bill of Rs 3816 is due on 15 Sep. Pay via official app.,ham,0
Congrats! You won cashback Rs 5000. Claim now paytm-reward.top/win,spam,1
Reminder: your mobile recharge expires on 12 Sep.,ham,0
653475 is your OTP. Do not share it with anyone.,ham,0
You have won a lucky draw of Rs 1000! Pay Rs 99 fee at paytm-reward.top/win,spam,1
540182 is your OTP. Do not share it with anyone.,ham,0
433823 is your OTP. Do not share it with anyone.,ham,0
Thanks for the payment of Rs 70. See you tomorrow!,ham,0
Thanks for the payment of Rs 3213. See you tomorrow!,ham,0
Class rescheduled to 6:30 PM tomorrow.,ham,0
Get instant loan Rs 1000 without documents. Apply paytm-reward.top/win,spam,1
Refund of Rs 10000 pending. Approve the collect request to receive it,spam,0
Rs 1256 credited to your account from Anjali. UPI Ref 926436104,ham,0
Class rescheduled to 6:30 PM tomorrow.,ham,0
URGENT: Your bank account will be suspended. Verify at cutt.ly/upiBlock,spam,1
"Hi Amit, are we meeting at 5 PM?",ham,0
Thanks for the payment of Rs 3131. See you tomorrow!,ham,0
Rs 3301 credited to your account from Sneha. UPI Ref 258135544,ham,0
Thanks for the payment of Rs 1582. See you tomorrow!,ham,0
Class rescheduled to 10 AM tomorrow.,ham,0
Scan this QR to receive your Rs 5000 reward,spam,0
Your UPI payment of Rs 4249 to Karan is successful. Ref 931111075,ham,0
Reminder: your mobile recharge expires on 12 Sep.,ham,0
Thanks for the payment of Rs 3332. See you tomorrow!,ham,0
Thanks for the payment of Rs 4678. See you tomorrow!,ham,0
Reminder: your mobile recharge expires on 15 Sep.,ham,0
Earn Rs 5000 per day working from home. Join now paytm-reward.top/win,spam,1
"Electricity bill unpaid, power cut tonight. Call or pay at bit.ly/3xKyc9",spam,1
Scan this QR to receive your Rs 500 reward,spam,0
Get instant loan Rs 1000 without documents. Apply cutt.ly/upiBlock,spam,1
Your electricity bill of Rs 1260 is due on 15 Sep. Pay via official app.,ham,0
"Hi Sneha, are we meeting at 6:30 PM?",ham,0
Rs 3906 credited to your account from Rahul. UPI Ref 644323877,ham,0
"Hi Neha, are we meeting at 5 PM?",ham,0
Get instant loan Rs 1000 without documents. Apply tinyurl.com/claim-cash,spam,1
Class rescheduled to 10 AM tomorrow.,ham,0
Thanks for the payment of Rs 2736. See you tomorrow!,ham,0
"Hey Karan, sent you Rs 294 for dinner.",ham,0
Class rescheduled to 10 AM tomorrow.,ham,0
You have won a lucky draw of Rs 500! Pay Rs 99 fee at cutt.ly/upiBlock,spam,1
Rs 4006 credited to your account from Neha. UPI Ref 174912420,ham,0
Thanks for the payment of Rs 3441. See you tomorrow!,ham,0
Thanks for the payment of Rs 4766. See you tomorrow!,ham,0
Refund of Rs 1000 pending. Approve the collect request to receive it,spam,0
Your order has been shipped. Delivery by 20 Sep.,ham,0
Your KYC is expired. Update at bit.ly/3xKyc9 or account will be blocked today,spam,1
You have won a lucky draw of Rs 500! Pay Rs 99 fee at bit.ly/3xKyc9,spam,1
Your order has been shipped. Delivery by 15 Sep.,ham,0
Rs 2639 credited to your account from Anjali. UPI Ref 477021889,ham,0
Rs 432 credited to your account from Neha. UPI Ref 563777861,ham,0
602107 is your OTP. Do not share it with anyone.,ham,0
Reminder: your mobile recharge expires on 20 Sep.,ham,0
Your UPI payment of Rs 1100 to Sneha is successful. Ref 569106874,ham,0
Your order has been shipped. Delivery by 25 Sep.,ham,0
721355 is your OTP. Do not share it with anyone.,ham,0
You have won a lucky draw of Rs 10000! Pay Rs 99 fee at bit.ly/3xKyc9,spam,1
"Electricity bill unpaid, power cut tonight. Call or pay at cutt.ly/upiBlock",spam,1
Reminder: your mobile recharge expires on 25 Sep.,ham,0
Your UPI payment of Rs 1122 to Sneha is successful. Ref 701787077,ham,0
Your electricity bill of Rs 2549 is due on 20 Sep. Pay via official app.,ham,0
Your electricity bill of Rs 314 is due on 15 Sep. Pay via official app.,ham,0
Class rescheduled to 10 AM tomorrow.,ham,0
"Hi Priya, are we meeting at 10 AM?",ham,0
URGENT: Your bank account will be suspended. Verify at cutt.ly/upiBlock,spam,1
270841 is your OTP. Do not share it with anyone.,ham,0
Your order has been shipped. Delivery by 15 Sep.,ham,0
Scan this QR to receive your Rs 1000 reward,spam,0
Get instant loan Rs 50000 without documents. Apply sbi-secure@verify.info/kyc,spam,1
Your order has been shipped. Delivery by 15 Sep.,ham,0
Your order has been shipped. Delivery by 15 Sep.,ham,0
226917 is your OTP. Do not share it with anyone.,ham,0
Your UPI payment of Rs 2826 to Neha is successful. Ref 167179690,ham,0
"Hey Ravi, sent you Rs 1504 for dinner.",ham,0
Rs 1314 credited to your account from Karan. UPI Ref 777921665,ham,0
Get instant loan Rs 1000 without documents. Apply tinyurl.com/claim-cash,spam,1
Thanks for the payment of Rs 1970. See you tomorrow!,ham,0
Class rescheduled to noon tomorrow.,ham,0
Congrats! You won cashback Rs 500. Claim now bit.ly/3xKyc9,spam,1
Your KYC is expired. Update at paytm-reward.top/win or account will be blocked today,spam,1
Your electricity bill of Rs 1059 is due on 20 Sep. Pay via official app.,ham,0
URGENT: Your bank account will be suspended. Verify at sbi-secure@verify.info/kyc,spam,1
Scan this QR to receive your Rs 50000 reward,spam,0
Class rescheduled to 10 AM tomorrow.,ham,0
"Hey Karan, sent you Rs 1097 for dinner.",ham,0
Your electricity bill of Rs 4982 is due on 20 Sep. Pay via official app.,ham,0
Get instant loan Rs 10000 without documents. Apply cutt.ly/upiBlock,spam,1
"Hey Amit, sent you Rs 3487 for dinner.",ham,0
Reminder: your mobile recharge expires on 15 Sep.,ham,0
You have won a lucky draw of Rs 5000! Pay Rs 99 fee at bit.ly/3xKyc9,spam,1
398694 is your OTP. Do not share it with anyone.,ham,0
"Hey Ravi, sent you Rs 4508 for dinner.",ham,0
URGENT: Your bank account will be suspended. Verify at paytm-reward.top/win,spam,1
Your UPI payment of Rs 3869 to Sneha is successful. Ref 302710579,ham,0
Thanks for the payment of Rs 295. See you tomorrow!,ham,0
"Electricity bill unpaid, power cut tonight. Call or pay at cutt.ly/upiBlock",spam,1
URGENT: Your bank account will be suspended. Verify at upi-kyc-update.xyz/login,spam,1
Your electricity bill of Rs 907 is due on 20 Sep. Pay via official app.,ham,0
Reminder: your mobile recharge expires on 25 Sep.,ham,0
Your UPI payment of Rs 700 to Amit is successful. Ref 246305858,ham,0
Thanks for the payment of Rs 2172. See you tomorrow!,ham,0
"Hey Priya, sent you Rs 386 for dinner.",ham,0
Class rescheduled to 5 PM tomorrow.,ham,0
Thanks for the payment of Rs 82. See you tomorrow!,ham,0
Rs 1321 credited to your account from Rahul. UPI Ref 868050598,ham,0
925593 is your OTP. Do not share it with anyone.,ham,0
Rs 2452 credited to your account from Karan. UPI Ref 225277422,ham,0
Earn Rs 5000 per day working from home. Join now sbi-secure@verify.info/kyc,spam,1
Rs 1026 credited to your account from Priya. UPI Ref 656245221,ham,0
"Dear customer your UPI is blocked, click paytm-reward.top/win to reactivate",spam,1
Refund of Rs 50000 pending. Approve the collect request to receive it,spam,0
URGENT: Your bank account will be suspended. Verify at sbi-secure@verify.info/kyc,spam,1
"Hi Karan, are we meeting at 5 PM?",ham,0
Your order has been shipped. Delivery by 20 Sep.,ham,0
Your order has been shipped. Delivery by 15 Sep.,ham,0
Class rescheduled to 6:30 PM tomorrow.,ham,0
Reminder: your mobile recharge expires on 15 Sep.,ham,0
411427 is your OTP. Do not share it with anyone.,ham,0
Your UPI payment of Rs 910 to Amit is successful. Ref 227602670,ham,0
Your KYC is expired. Update at sbi-secure@verify.info/kyc or account will be blocked today,spam,1
"Hey Priya, sent you Rs 4288 for dinner.",ham,0
Your order has been shipped. Delivery by 20 Sep.,ham,0
Earn Rs 10000 per day working from home. Join now sbi-secure@verify.info/kyc,spam,1
Thanks for the payment of Rs 3334. See you tomorrow!,ham,0
Rs 3049 credited to your account from Karan. UPI Ref 935592996,ham,0
"Hi Neha, are we meeting at 6:30 PM?",ham,0
"Hey Ravi, sent you Rs 3813 for dinner.",ham,0
Your order has been shipped. Delivery by 15 Sep.,ham,0
Class rescheduled to 6:30 PM tomorrow.,ham,0
"Hi Karan, are we meeting at 5 PM?",ham,0
"Electricity bill unpaid, power cut tonight. Call or pay at sbi-secure@verify.info/kyc",spam,1
937905 is your OTP. Do not share it with anyone.,ham,0
Thanks for the payment of Rs 185. See you tomorrow!,ham,0
Congrats! You won cashback Rs 50000. Claim now tinyurl.com/claim-cash,spam,1
URGENT: Your bank account will be suspended. Verify at upi-kyc-update.xyz/login,spam,1
"Hi Ravi, are we meeting at 10 AM?",ham,0
Your electricity bill of Rs 82 is due on 25 Sep. Pay via official app.,ham,0
"Electricity bill unpaid, power cut tonight. Call or pay at bit.ly/3xKyc9",spam,1
Thanks for the payment of Rs 1713. See you tomorrow!,ham,0
You have won a lucky draw of Rs 10000! Pay Rs 99 fee at paytm-reward.top/win,spam,1
Rs 2395 credited to your account from Sneha. UPI Ref 400047685,ham,0
Thanks for the payment of Rs 3714. See you tomorrow!,ham,0
"Hi Sneha, are we meeting at 5 PM?",ham,0
Congrats! You won cashback Rs 50000. Claim now tinyurl.com/claim-cash,spam,1
Get instant loan Rs 1000 without documents. Apply tinyurl.com/claim-cash,spam,1
Reminder: your mobile recharge expires on 12 Sep.,ham,0
"Dear customer your UPI is blocked, click sbi-secure@verify.info/kyc to reactivate",spam,1
"Electricity bill unpaid, power cut tonight. Call or pay at sbi-secure@verify.info/kyc",spam,1
You have won a lucky draw of Rs 10000! Pay Rs 99 fee at bit.ly/3xKyc9,spam,1
"Dear customer your UPI is blocked, click upi-kyc-update.xyz/login to reactivate",spam,1
Refund of Rs 1000 pending. Approve the collect request to receive it,spam,0
You have won a lucky draw of Rs 500! Pay Rs 99 fee at paytm-reward.top/win,spam,1
Your order has been shipped. Delivery by 20 Sep.,ham,0
Get instant loan Rs 50000 without documents. Apply cutt.ly/upiBlock,spam,1
"Hi Priya, are we meeting at noon?",ham,0
388320 is your OTP. Do not share it with anyone.,ham,0
Your electricity bill of Rs 552 is due on 12 Sep. Pay via official app.,ham,0
Your order has been shipped. Delivery by 20 Sep.,ham,0
Your electricity bill of Rs 4943 is due on 12 Sep. Pay via official app.,ham,0
486714 is your OTP. Do not share it with anyone.,ham,0
Refund of Rs 50000 pending. Approve the collect request to receive it,spam,0
Your UPI payment of Rs 198 to Neha is successful. Ref 269714287,ham,0
Rs 3270 credited to your account from Ravi. UPI Ref 491315385,ham,0
837756 is your OTP. Do not share it with anyone.,ham,0
"Hey Sneha, sent you Rs 1891 for dinner.",ham,0
"Hey Ravi, sent you Rs 4913 for dinner.",ham,0
Your electricity bill of Rs 2613 is due on 15 Sep. Pay via official app.,ham,0
URGENT: Your bank account will be suspended. Verify at tinyurl.com/claim-cash,spam,1
"Dear customer your UPI is blocked, click bit.ly/3xKyc9 to reactivate",spam,1
"Electricity bill unpaid, power cut tonight. Call or pay at upi-kyc-update.xyz/login",spam,1
Rs 1201 credited to your account from Karan. UPI Ref 838809475,ham,0
646331 is your OTP. Do not share it with anyone.,ham,0
URGENT: Your bank account will be suspended. Verify at tinyurl.com/claim-cash,spam,1
Congrats! You won cashback Rs 1000. Claim now cutt.ly/upiBlock,spam,1
Thanks for the payment of Rs 4240. See you tomorrow!,ham,0
Your UPI payment of Rs 1580 to Karan is successful. Ref 735766030,ham,0
Your order has been shipped. Delivery by 12 Sep.,ham,0
Rs 1512 credited to your account from Ravi. UPI Ref 658763355,ham,0
Thanks for the payment of Rs 2121. See you tomorrow!,ham,0
Your order has been shipped. Delivery by 15 Sep.,ham,0
"Hi Karan, are we meeting at 10 AM?",ham,0
Your UPI payment of Rs 1581 to Ravi is successful. Ref 522275968,ham,0
URGENT: Your bank account will be suspended. Verify at upi-kyc-update.xyz/login,spam,1
Your order has been shipped. Delivery by 12 Sep.,ham,0
Refund of Rs 10000 pending. Approve the collect request to receive it,spam,0
You have won a lucky draw of Rs 50000! Pay Rs 99 fee at tinyurl.com/claim-cash,spam,1
Thanks for the payment of Rs 1856. See you tomorrow!,ham,0
"Electricity bill unpaid, power cut tonight. Call or pay at cutt.ly/upiBlock",spam,1
Earn Rs 500 per day working from home. Join now tinyurl.com/claim-cash,spam,1
"Dear customer your UPI is blocked, click paytm-reward.top/win to reactivate",spam,1
"Hi Anjali, are we meeting at 5 PM?",ham,0
Congrats! You won cashback Rs 10000. Claim now paytm-reward.top/win,spam,1
Refund of Rs 5000 pending. Approve the collect request to receive it,spam,0
Reminder: your mobile recharge expires on 20 Sep.,ham,0
"Hi Neha, are we meeting at 10 AM?",ham,0
Reminder: your mobile recharge expires on 12 Sep.,ham,0
Get instant loan Rs 5000 without documents. Apply paytm-reward.top/win,spam,1
"Hey Rahul, sent you Rs 3506 for dinner.",ham,0
Your order has been shipped. Delivery by 20 Sep.,ham,0
Your electricity bill of Rs 526 is due on 12 Sep. Pay via official app.,ham,0
411687 is your OTP. Do not share it with anyone.,ham,0
You have won a lucky draw of Rs 5000! Pay Rs 99 fee at upi-kyc-update.xyz/login,spam,1
Earn Rs 1000 per day working from home. Join now cutt.ly/upiBlock,spam,1
Thanks for the payment of Rs 4621. See you tomorrow!,ham,0
717631 is your OTP. Do not share it with anyone.,ham,0
Rs 374 credited to your account from Neha. UPI Ref 156444456,ham,0
Your KYC is expired. Update at upi-kyc-update.xyz/login or account will be blocked today,spam,1
Thanks for the payment of Rs 519. See you tomorrow!,ham,0
Your KYC is expired. Update at cutt.ly/upiBlock or account will be blocked today,spam,1
422829 is your OTP. Do not share it with anyone.,ham,0
Reminder: your mobile recharge expires on 20 Sep.,ham,0
Rs 1134 credited to your account from Amit. UPI Ref 850091255,ham,0
"Hey Neha, sent you Rs 1319 for dinner.",ham,0
Your electricity bill of Rs 2661 is due on 12 Sep. Pay via official app.,ham,0
Class rescheduled to noon tomorrow.,ham,0
"Hey Anjali, sent you Rs 1396 for dinner.",ham,0
"Hi Karan, are we meeting at 5 PM?",ham,0
Congrats! You won cashback Rs 50000. Claim now tinyurl.com/claim-cash,spam,1
Your UPI payment of Rs 4799 to Amit is successful. Ref 782314637,ham,0
776137 is your OTP. Do not share it with anyone.,ham,0
Thanks for the payment of Rs 3266. See you tomorrow!,ham,0
"Hey Ravi, sent you Rs 578 for dinner.",ham,0
Reminder: your mobile recharge expires on 25 Sep.,ham,0
"Hey Neha, sent you Rs 3093 for dinner.",ham,0
388413 is your OTP. Do not share it with anyone.,ham,0
Your electricity bill of Rs 1867 is due on 15 Sep. Pay via official app.,ham,0
Rs 4532 credited to your account from Sneha. UPI Ref 642012655,ham,0
Get instant loan Rs 10000 without documents. Apply sbi-secure@verify.info/kyc,spam,1
Get instant loan Rs 1000 without documents. Apply tinyurl.com/claim-cash,spam,1
You have won a lucky draw of Rs 50000! Pay Rs 99 fee at upi-kyc-update.xyz/login,spam,1
"Hey Anjali, sent you Rs 2886 for dinner.",ham,0
Your electricity bill of Rs 4705 is due on 15 Sep. Pay via official app.,ham,0
"Dear customer your UPI is blocked, click sbi-secure@verify.info/kyc to reactivate",spam,1
Get instant loan Rs 500 without documents. Apply cutt.ly/upiBlock,spam,1
Your UPI payment of Rs 1021 to Priya is successful. Ref 156453377,ham,0
Your order has been shipped. Delivery by 20 Sep.,ham,0
"Hey Sneha, sent you Rs 3494 for dinner.",ham,0
Thanks for the payment of Rs 3721. See you tomorrow!,ham,0
Class rescheduled to 5 PM tomorrow.,ham,0
"Dear customer your UPI is blocked, click paytm-reward.top/win to reactivate",spam,1
Rs 269 credited to your account from Ravi. UPI Ref 783962099,ham,0
Scan this QR to receive your Rs 50000 reward,spam,0
Scan this QR to receive your Rs 5000 reward,spam,0
Class rescheduled to 5 PM tomorrow.,ham,0
Your order has been shipped. Delivery by 20 Sep.,ham,0
"Hey Rahul, sent you Rs 4528 for dinner.",ham,0
